alert_id,detected_timestamp,resolved_timestamp,user_id,hostname,severity,status,detected_parsed,resolved_parsed,duration_hours
EPA00006512,2026-08-05 00:31:08,06/08/2026 13:31,EMP11158,LPT-11158,High,CLOSED,2026-08-05 00:31:08,2026-06-08 13:31:00,-1379.0022222222221
EPA00005322,29/08/2026 08:30,29/08/2026,EMP11833,LPT-11833,LOW,Not Malicious,2026-08-29 08:30:00,2026-08-29 00:00:00,-8.5
EPA00000541,12/08/2026 04:24,16/08/2026 14:24,EMP10796,VDR-10796,P4,R,2026-12-08 04:24:00,2026-08-16 14:24:00,-2726.0
EPA00002125,2026-08-30 12:51:12,03/09/2026 12:51,emp12300,LPT-12300,P3,In Progress,2026-08-30 12:51:12,2026-03-09 12:51:00,-4176.003333333333
EPA00000458,08-29-2026 10:56:29 AM,01/09/2026 16:56,emp10917,VDR-10917,P4,New,2026-08-29 10:56:29,2026-01-09 16:56:00,-5562.008055555556
EPA00005629,2026-08-10T04:27:02,08/08/2026,EMP10852,LPT-10852,Major,CLOSED,2026-08-10 04:27:02,2026-08-08 00:00:00,-52.45055555555555
EPA00006974,2026-09-08 01:32:28,08/09/2026 03:32,EMP11884,LPT-11884,Major,Unassigned,2026-09-08 01:32:28,2026-08-09 03:32:00,-718.0077777777777
EPA00002863,02-Aug-2026 21:19:23,02-Aug-2026 06:19:23,EMP12544,WS-12544,MEDIUM,OPEN,2026-08-02 21:19:23,2026-08-02 06:19:23,-15.0
EPA00007636,08-02-2026 10:49:16 PM,07/08/2026 07:49,emp_10740,VDR-10740,M,Unassigned,2026-08-02 22:49:16,2026-07-08 07:49:00,-615.0044444444444
EPA00003097,09-01-2026 08:28:35 AM,03/09/2026 22:28,emp_11009,WS-11009,MEDIUM,Active,2026-09-01 08:28:35,2026-03-09 22:28:00,-4210.009722222222
EPA00004699,09-06-2026 04:50:07 AM,2026-09-04 04:50:07,emp_12780,LPT-12780,LOW,CLOSED,2026-09-06 04:50:07,2026-09-04 04:50:07,-48.0
EPA00000473,2026-09-04T00:04:58,05/09/2026 08:04,EMP10872,LPT-10872,P3,New,2026-09-04 00:04:58,2026-05-09 08:04:00,-2824.016111111111
EPA00007808,29/08/2026 23:04,2026-08-28T16:04:06,EMP-11940,VDR-11940,Major,FALSE_POSITIVE,2026-08-29 23:04:00,2026-08-28 16:04:06,-30.998333333333335
EPA00006472,10/08/2026,14/08/2026 05:30,emp12853,WS-12853,P1,FALSE_POSITIVE,2026-10-08 00:00:00,2026-08-14 05:30:00,-1314.5
EPA00004757,09-Sep-2026 19:27:38,09-08-2026 07:27:38 PM,EMP11852,WS-11852,Medium,IN_PROGRESS,2026-09-09 19:27:38,2026-09-08 19:27:38,-24.0
EPA00005165,03/08/2026 06:34,03/08/2026,EMP 11163,lpt-11163,Moderate,FALSE_POSITIVE,2026-03-08 06:34:00,2026-03-08 00:00:00,-6.566666666666666
EPA00001043,09/08/2026 22:38,2026/08/12,emp_11252,WS-11252.corp.local,P3,Closed,2026-09-08 22:38:00,2026-08-12 00:00:00,-670.6333333333333
EPA00007920,05/09/2026 13:10,05/09/2026 04:10,11116,LPT-11116.corp.local,P3,In Progress,2026-05-09 13:10:00,2026-05-09 04:10:00,-9.0
EPA00006154,10/08/2026 09:13,14-Aug-2026 08:13:34,emp_10336,WS-10336,P2,WIP,2026-10-08 09:13:00,2026-08-14 08:13:34,-1320.9905555555556
EPA00006087,2026-08-04T17:09:20,04/08/2026 23:09,emp_10132,VDR-10132,Severe,Investigating,2026-08-04 17:09:20,2026-04-08 23:09:00,-2826.0055555555555
EPA00002224,29/08/2026 17:40,28/08/2026 08:40,emp11505,WS-11505,P2,Closed,2026-08-29 17:40:00,2026-08-28 08:40:00,-33.0
EPA00004511,2026/08/01,06/08/2026,12144,LPT-12144,Moderate,O,2026-08-01 00:00:00,2026-06-08 00:00:00,-1296.0
EPA00002227,08-07-2026 08:36:28 AM,07/08/2026,EMP12833,WS-12833,P4,Active,2026-08-07 08:36:28,2026-07-08 00:00:00,-728.6077777777778
EPA00002717,2026-09-02 10:50:05,04/09/2026 01:50,EMP 12600,LPT-12600,Minor,OPEN,2026-09-02 10:50:05,2026-04-09 01:50:00,-3513.001388888889
EPA00001075,2026-08-01 11:31:44,03/08/2026 03:31,EMP12340,WS-12340,H,N,2026-08-01 11:31:44,2026-03-08 03:31:00,-3512.012222222222
EPA00007683,10/08/2026 07:18,13-Aug-2026 21:18:43,EMP11996,VDR-11996,LOW,NEW,2026-10-08 07:18:00,2026-08-13 21:18:43,-1329.9880555555555
EPA00002389,2026-08-05 17:01:14,04-Aug-2026 16:01:14,EMP10413,WS-10413,Minor,Active,2026-08-05 17:01:14,2026-08-04 16:01:14,-25.0
EPA00003046,2026-08-25 19:49:18,2026/08/25,EMP11813,LPT-11813,P4,WIP,2026-08-25 19:49:18,2026-08-25 00:00:00,-19.821666666666665
EPA00007116,02-Aug-2026 18:05:25,02/08/2026,EMP-12745,WS-12745,High,RESOLVED,2026-08-02 18:05:25,2026-02-08 00:00:00,-4218.090277777777
EPA00002707,2026-09-01 18:38:43,04/09/2026 16:38,EMP11479,VDR-11479,CRITICAL,Investigating,2026-09-01 18:38:43,2026-04-09 16:38:00,-3482.0119444444445
EPA00005406,08-07-2026 12:36:06 AM,07/08/2026 18:36,EMP12162,ws-12162,CRIT,O,2026-08-07 00:36:06,2026-07-08 18:36:00,-702.0016666666667
EPA00001558,2026-08-19 03:20:22,2026/08/19,EMP10858,LPT-10858,MEDIUM,Open,2026-08-19 03:20:22,2026-08-19 00:00:00,-3.3394444444444447
EPA00002471,09-04-2026 07:26:27 AM,06/09/2026 02:26,emp_11483,LPT-11483,Moderate,Unassigned,2026-09-04 07:26:27,2026-06-09 02:26:00,-2093.0075
EPA00005383,2026-08-03 15:53:13,04/08/2026 03:53,emp11067,WS-11067,L,IN_PROGRESS,2026-08-03 15:53:13,2026-04-08 03:53:00,-2820.0036111111112
EPA00000038,08-03-2026 08:31:38 PM,04/08/2026,EMP12071,VDR-12071,CRIT,Investigating,2026-08-03 20:31:38,2026-04-08 00:00:00,-2828.527222222222
EPA00006471,03-Aug-2026 02:35:28,04/08/2026,EMP11028,LPT_11028,High,In Progress,2026-08-03 02:35:28,2026-04-08 00:00:00,-2810.5911111111113
EPA00003455,2026-08-02 02:05:39,05/08/2026 02:05,EMP11708,WS-11708,MEDIUM,Active,2026-08-02 02:05:39,2026-05-08 02:05:00,-2064.0108333333333
EPA00006063,2026-09-03 17:02:59,08/09/2026,EMP11995,,LOW,NEW,2026-09-03 17:02:59,2026-08-09 00:00:00,-617.0497222222223
EPA00007085,12/08/2026 18:58,08-14-2026 04:58:41 PM,EMP 10444,VDR-10444,Major,N,2026-12-08 18:58:00,2026-08-14 16:58:41,-2785.988611111111
EPA00006832,08-18-2026 08:52:27 PM,17/08/2026,emp12366,LPT-12366,Low,New,2026-08-18 20:52:27,2026-08-17 00:00:00,-44.87416666666667
EPA00004802,2026-08-08T00:15:11,08/08/2026,10270,VDR-10270,Low,NEW,2026-08-08 00:15:11,2026-08-08 00:00:00,-0.25305555555555553
EPA00003304,09/08/2026,2026-08-11 00:59:35,EMP10978,WS-10978,Medium,Resolved,2026-09-08 00:00:00,2026-08-11 00:59:35,-671.0069444444445
EPA00002670,2026-08-10T04:47:25,2026-08-08T04:47:25,EMP 11024,LPT-11024,H,Resolved,2026-08-10 04:47:25,2026-08-08 04:47:25,-48.0
EPA00004311,09-05-2026 12:16:35 PM,07/09/2026,EMP11003,VDR-11003.corp.local,Medium,OPEN,2026-09-05 12:16:35,2026-07-09 00:00:00,-1404.276388888889
EPA00002751,09/08/2026 00:06,2026-08-13T17:06:23,EMP10889,VDR-10889,P3,Open,2026-09-08 00:06:00,2026-08-13 17:06:23,-606.9936111111111
EPA00003945,2026-09-01 21:46:32,04/09/2026,EMP12292,LPT-12292,Low,RESOLVED,2026-09-01 21:46:32,2026-04-09 00:00:00,-3501.7755555555555
EPA00007263,2026/09/06,07/09/2026 20:05,EMP 10898,LPT-10898,M,OPEN,2026-09-06 00:00:00,2026-07-09 20:05:00,-1395.9166666666667
EPA00003350,12/08/2026 22:25,16/08/2026,EMP10420,lpt-10420,MEDIUM,Investigating,2026-12-08 22:25:00,2026-08-16 00:00:00,-2758.4166666666665
EPA00007881,2026-09-04T07:41:01,04/09/2026 10:41,EMP11167,VDR-11167,HIGH,FP,2026-09-04 07:41:01,2026-04-09 10:41:00,-3549.0002777777777
EPA00003310,11/08/2026,2026-08-14 21:41:47,emp12163,,Major,OPEN,2026-11-08 00:00:00,2026-08-14 21:41:47,-2042.3036111111112
EPA00005055,2026-08-11T15:59:25,2026-08-10 00:59:25,EMP11132,WS-11132,MEDIUM,Resolved,2026-08-11 15:59:25,2026-08-10 00:59:25,-39.0
EPA00001776,10/08/2026 02:15,2026/08/14,EMP11935,VDR-11935,M,N,2026-10-08 02:15:00,2026-08-14 00:00:00,-1322.25
EPA00002717,2026-09-02 10:50:05,04/09/2026 01:50,EMP 12600,LPT-12600,Minor,OPEN,2026-09-02 10:50:05,2026-04-09 01:50:00,-3513.001388888889
EPA00000577,2026-08-04T07:22:54,2026-08-02 21:22:54,EMP10053,VDR-10053,High,NEW,2026-08-04 07:22:54,2026-08-02 21:22:54,-34.0
EPA00004202,2026-08-12 04:13:08,2026/08/12,EMP10848,VDR-10848,Moderate,FP,2026-08-12 04:13:08,2026-08-12 00:00:00,-4.2188888888888885
EPA00003275,28/08/2026 20:07,01/09/2026 00:07,emp_11915,WS-11915,Medium,False Positive,2026-08-28 20:07:00,2026-01-09 00:07:00,-5564.0
EPA00004318,2026-09-07T07:18:09,08/09/2026 06:18,EMP10633,VDR-10633,P4,Closed,2026-09-07 07:18:09,2026-08-09 06:18:00,-697.0025
EPA00001200,2026-09-02 10:34:27,04/09/2026 20:34,12636,LPT-12636,P3,Investigating,2026-09-02 10:34:27,2026-04-09 20:34:00,-3494.0075
EPA00005082,21/08/2026,19/08/2026,emp_12050,WS-12050,Minor,RESOLVED,2026-08-21 00:00:00,2026-08-19 00:00:00,-48.0
EPA00003480,2026/08/07,07/08/2026,EMP 10685,LPT-10685,Medium,Not Malicious,2026-08-07 00:00:00,2026-07-08 00:00:00,-720.0
EPA00002465,31/08/2026 02:27,02/09/2026 23:27,emp_12540,LPT-12540,Low,In Progress,2026-08-31 02:27:00,2026-02-09 23:27:00,-4851.0
EPA00006688,2026-08-25T19:31:34,2026/08/23,EMP10555,vdr-10555,H,R,2026-08-25 19:31:34,2026-08-23 00:00:00,-67.5261111111111
EPA00002996,31-Aug-2026 04:19:28,08-30-2026 08:19:28 AM,emp_12156,VDR-12156,MEDIUM,Open,2026-08-31 04:19:28,2026-08-30 08:19:28,-20.0
EPA00005156,27/08/2026 01:54,2026-08-26T22:54:20,EMP 11323,WS-11323.corp.local,High,O,2026-08-27 01:54:00,2026-08-26 22:54:20,-2.9944444444444445
EPA00002888,08-02-2026 07:07:30 PM,07/08/2026 15:07,emp12384,VDR-12384,P2,FALSE_POSITIVE,2026-08-02 19:07:30,2026-07-08 15:07:00,-604.0083333333333
EPA00003143,2026-08-03 07:51:06,2026-08-03 02:51:06,EMP11755,,MEDIUM,Open,2026-08-03 07:51:06,2026-08-03 02:51:06,-5.0
EPA00004304,09-03-2026 08:49:35 PM,02/09/2026,EMP10167,,Major,Unassigned,2026-09-03 20:49:35,2026-02-09 00:00:00,-4964.826388888889
EPA00004276,04-Sep-2026 21:05:36,07/09/2026 09:05,EMP12244,WS-12244,L,False Positive,2026-09-04 21:05:36,2026-07-09 09:05:00,-1380.01
EPA00005592,2026-09-03T20:09:06,04/09/2026 12:09,EMP12082,WS-12082,L,NEW,2026-09-03 20:09:06,2026-04-09 12:09:00,-3536.0016666666666
EPA00004308,09-01-2026 01:12:06 PM,04/09/2026,emp12225,VDR-12225.corp.local,M,N,2026-09-01 13:12:06,2026-04-09 00:00:00,-3493.201666666667
EPA00005984,2026-09-03 18:25:28,07/09/2026,EMP10336,WS-10336,Major,Investigating,2026-09-03 18:25:28,2026-07-09 00:00:00,-1362.4244444444444
EPA00007175,12/08/2026 04:42,08-12-2026 04:42:28 AM,EMP11987,WS_11987,H,OPEN,2026-12-08 04:42:00,2026-08-12 04:42:28,-2831.992222222222
EPA00000081,2026-09-05 16:36:45,06/09/2026 20:36,EMP10683,WS-10683,Critical,Resolved,2026-09-05 16:36:45,2026-06-09 20:36:00,-2108.0125
EPA00003104,11/08/2026 06:51,2026-08-11 20:51:53,emp_10461,WS-10461,P3,RESOLVED,2026-11-08 06:51:00,2026-08-11 20:51:53,-2121.985277777778
EPA00005113,08-02-2026 12:42:07 AM,03/08/2026 00:42,EMP-10946,WS-10946,CRIT,New,2026-08-02 00:42:07,2026-03-08 00:42:00,-3528.0019444444442
EPA00000246,2026-09-01T15:29:32,09-01-2026 04:29:32 AM,EMP12995,LPT-12995,P4,O,2026-09-01 15:29:32,2026-09-01 04:29:32,-11.0
EPA00004405,2026-08-27 06:58:20,08-26-2026 10:58:20 AM,EMP10653,LPT-10653,Major,R,2026-08-27 06:58:20,2026-08-26 10:58:20,-20.0
EPA00005667,2026-08-19T05:26:39,17/08/2026 15:26,emp10672,,P1,Resolved,2026-08-19 05:26:39,2026-08-17 15:26:00,-38.01083333333333
EPA00007133,2026-08-18T12:52:19,2026-08-17 15:52:19,EMP 11994,ws-11994,L,New,2026-08-18 12:52:19,2026-08-17 15:52:19,-21.0
EPA00004831,03-Aug-2026 09:13:10,04/08/2026,emp12326,LPT-12326,M,Unassigned,2026-08-03 09:13:10,2026-04-08 00:00:00,-2817.2194444444444
EPA00001062,2026/08/03,07/08/2026 09:19,EMP10743,VDR_10743,HIGH,Closed,2026-08-03 00:00:00,2026-07-08 09:19:00,-614.6833333333333
EPA00001408,22-Aug-2026 00:51:46,2026/08/22,EMP12564,VDR-12564,P4,OPEN,2026-08-22 00:51:46,2026-08-22 00:00:00,-0.8627777777777778
EPA00000107,11/08/2026 03:12,13-Aug-2026 04:12:38,EMP10109,VDR-10109,CRIT,Open,2026-11-08 03:12:00,2026-08-13 04:12:38,-2086.9894444444444
EPA00000168,03-Sep-2026 06:16:20,05/09/2026 17:16,EMP10946,WS-10946,P3,Unassigned,2026-09-03 06:16:20,2026-05-09 17:16:00,-2797.0055555555555
EPA00006320,2026-09-03 04:27:16,04/09/2026 14:27,EMP 10894,LPT-10894,H,Resolved,2026-09-03 04:27:16,2026-04-09 14:27:00,-3518.0044444444443
EPA00007475,2026-09-05T19:17:52,08/09/2026 00:17,11491,LPT-11491,MEDIUM,N,2026-09-05 19:17:52,2026-08-09 00:17:00,-667.0144444444444
EPA00000074,2026-08-15T07:59:24,2026/08/15,EMP 10094,LPT_10094,Medium,NEW,2026-08-15 07:59:24,2026-08-15 00:00:00,-7.99
EPA00002132,09/08/2026 20:50,2026-08-10 16:50:25,EMP12218,VDR-12218,H,IN_PROGRESS,2026-09-08 20:50:00,2026-08-10 16:50:25,-699.9930555555555
EPA00005375,2026-09-04 04:49:01,06/09/2026 02:49,emp11683,LPT-11683,Minor,CLOSED,2026-09-04 04:49:01,2026-06-09 02:49:00,-2090.0002777777777
EPA00006527,12/08/2026,2026-08-14 19:39:43,EMP11583,VDR-11583,P3,Resolved,2026-12-08 00:00:00,2026-08-14 19:39:43,-2764.3380555555555
EPA00003784,2026-09-04 06:57:25,05/09/2026 23:57,emp_11201,,P4,Resolved,2026-09-04 06:57:25,2026-05-09 23:57:00,-2815.0069444444443
EPA00004985,10/08/2026 04:23,08-13-2026 05:23:49 AM,emp12533,WS-12533,Minor,NEW,2026-10-08 04:23:00,2026-08-13 05:23:49,-1342.986388888889
EPA00004620,02-Aug-2026 10:02:46,07/08/2026 03:02,EMP12222,VDR-12222,P3,Active,2026-08-02 10:02:46,2026-07-08 03:02:00,-607.0127777777777
EPA00006717,2026-09-06 21:53:56,08/09/2026 14:53,EMP11075,WS-11075,P3,Active,2026-09-06 21:53:56,2026-08-09 14:53:00,-679.0155555555556
EPA00004281,2026/09/01,06/09/2026 04:35,EMP 12619,WS-12619,Medium,Open,2026-09-01 00:00:00,2026-06-09 04:35:00,-2011.4166666666667
EPA00003396,2026-09-01 15:10:44,2026-08-30 18:10:44,EMP10534,WS-10534.corp.local,MEDIUM,NEW,2026-09-01 15:10:44,2026-08-30 18:10:44,-45.0
EPA00001993,10/08/2026 21:40,15/08/2026,EMP 10767,,LOW,Not Malicious,2026-10-08 21:40:00,2026-08-15 00:00:00,-1317.6666666666667
EPA00007433,09/08/2026,2026-08-13 21:43:59,EMP11877,VDR-11877,Medium,OPEN,2026-09-08 00:00:00,2026-08-13 21:43:59,-602.2669444444444
EPA00005122,08-03-2026 07:01:59 PM,05/08/2026 14:01,EMP10842,LPT-10842,M,NEW,2026-08-03 19:01:59,2026-05-08 14:01:00,-2093.0163888888887
EPA00001692,2026-09-01T08:54:44,30/08/2026,EMP-10403,LPT-10403,M,WIP,2026-09-01 08:54:44,2026-08-30 00:00:00,-56.91222222222222
EPA00004688,20/08/2026 17:15,08-20-2026 02:15:54 PM,EMP 11278,LPT-11278,Low,Open,2026-08-20 17:15:00,2026-08-20 14:15:54,-2.985
EPA00000757,2026-08-03T23:42:22,2026-08-03 01:42:22,EMP10431,LPT-10431,Medium,Resolved,2026-08-03 23:42:22,2026-08-03 01:42:22,-22.0
EPA00003909,01-Sep-2026 17:27:28,05/09/2026,EMP10749,WS-10749,L,Investigating,2026-09-01 17:27:28,2026-05-09 00:00:00,-2777.4577777777777
EPA00003514,2026-08-15 03:46:23,2026/08/15,12875,VDR-12875,L,Active,2026-08-15 03:46:23,2026-08-15 00:00:00,-3.7730555555555556
EPA00002448,10/08/2026 18:01,2026-08-12 09:01:55,emp_12887,WS-12887,Minor,O,2026-10-08 18:01:00,2026-08-12 09:01:55,-1376.9847222222222
EPA00004265,12/08/2026 20:45,17/08/2026 14:45,EMP10706,WS-10706,P2,CLOSED,2026-12-08 20:45:00,2026-08-17 14:45:00,-2718.0
EPA00007122,2026-08-08T14:03:59,06/08/2026 16:03,EMP 11840,LPT-11840,P1,New,2026-08-08 14:03:59,2026-06-08 16:03:00,-1462.016388888889
EPA00007725,2026-08-30T08:54:16,02/09/2026 02:54,11709,VDR-11709,MEDIUM,IN_PROGRESS,2026-08-30 08:54:16,2026-02-09 02:54:00,-4854.004444444445
EPA00000173,12/08/2026 16:54,2026-08-14 00:54:02,EMP 10236,WS-10236,LOW,Resolved,2026-12-08 16:54:00,2026-08-14 00:54:02,-2799.9994444444446
EPA00003406,05-Aug-2026 11:27:12,06/08/2026,EMP11536,ws-11536,Moderate,N,2026-08-05 11:27:12,2026-06-08 00:00:00,-1403.4533333333334
EPA00000473,2026-09-04T00:04:58,05/09/2026 08:04,EMP10872,LPT-10872,P3,New,2026-09-04 00:04:58,2026-05-09 08:04:00,-2824.016111111111
EPA00001130,12/08/2026 12:10,13/08/2026,EMP10708,LPT-10708,H,N,2026-12-08 12:10:00,2026-08-13 00:00:00,-2820.1666666666665
EPA00002955,08-18-2026 05:12:31 AM,18/08/2026,12163,VDR-12163,Low,Not Malicious,2026-08-18 05:12:31,2026-08-18 00:00:00,-5.208611111111111
EPA00001322,08-08-2026 07:18:56 AM,06/08/2026,EMP-12961,LPT-12961,P2,IN_PROGRESS,2026-08-08 07:18:56,2026-06-08 00:00:00,-1471.3155555555556
EPA00001618,11/08/2026,15/08/2026 02:23,EMP12187,VDR-12187,LOW,New,2026-11-08 00:00:00,2026-08-15 02:23:00,-2037.6166666666666
EPA00007296,2026/08/24,23/08/2026 13:22,10504,vdr-10504,L,False Positive,2026-08-24 00:00:00,2026-08-23 13:22:00,-10.633333333333333
EPA00005647,09-04-2026 12:03:30 AM,05/09/2026,EMP10265,WS-10265,L,WIP,2026-09-04 00:03:30,2026-05-09 00:00:00,-2832.0583333333334
EPA00006455,2026-08-24T23:51:29,2026-08-24 06:51:29,EMP12533,WS-12533,L,In Progress,2026-08-24 23:51:29,2026-08-24 06:51:29,-17.0
EPA00003591,11/08/2026 04:52,2026-08-09 10:52:19,EMP 12414,lpt-12414,LOW,FALSE_POSITIVE,2026-11-08 04:52:00,2026-08-09 10:52:19,-2177.994722222222
EPA00001702,2026-08-12 17:09:00,10-Aug-2026 21:09:00,emp12696,VDR-12696,P1,Unassigned,2026-08-12 17:09:00,2026-08-10 21:09:00,-44.0
EPA00006813,09/08/2026 18:41,2026-08-13 14:41:41,EMP11731,VDR-11731.corp.local,CRITICAL,In Progress,2026-09-08 18:41:00,2026-08-13 14:41:41,-627.9886111111111
EPA00006344,08-02-2026 10:57:09 AM,04/08/2026 00:57,EMP11911,WS-11911,P4,Active,2026-08-02 10:57:09,2026-04-08 00:57:00,-2794.0025
EPA00006135,12/08/2026 15:54,2026-08-13T00:54:29,EMP11178,LPT-11178,Minor,IN_PROGRESS,2026-12-08 15:54:00,2026-08-13 00:54:29,-2822.9919444444445
EPA00007898,2026-09-04 01:19:32,07/09/2026,EMP10157,LPT-10157,P3,Active,2026-09-04 01:19:32,2026-07-09 00:00:00,-1369.3255555555556
EPA00006886,08-Aug-2026 14:18:13,08-07-2026 10:18:13 PM,emp_11488,LPT-11488,Severe,Closed,2026-08-08 14:18:13,2026-08-07 22:18:13,-16.0
EPA00006407,2026-09-01 22:27:35,05/09/2026 12:27,EMP10739,WS-10739,MEDIUM,In Progress,2026-09-01 22:27:35,2026-05-09 12:27:00,-2770.009722222222
EPA00001080,2026/08/01,06/08/2026 04:55,EMP 11020,ws-11020,High,Active,2026-08-01 00:00:00,2026-06-08 04:55:00,-1291.0833333333333
EPA00001040,2026-09-03 09:54:15,06/09/2026,EMP-11211,WS-11211,H,NEW,2026-09-03 09:54:15,2026-06-09 00:00:00,-2073.9041666666667
EPA00001091,2026-09-01T11:02:18,03/09/2026 07:02,EMP11017,LPT-11017,Moderate,WIP,2026-09-01 11:02:18,2026-03-09 07:02:00,-4228.005
EPA00001318,09/08/2026,2026-08-10 11:49:04,EMP12269,VDR-12269,Minor,OPEN,2026-09-08 00:00:00,2026-08-10 11:49:04,-684.1822222222222
EPA00005863,2026/09/05,08/09/2026,emp_12293,LPT-12293,LOW,FP,2026-09-05 00:00:00,2026-08-09 00:00:00,-648.0
EPA00007359,01-Sep-2026 02:01:43,05/09/2026,EMP10210,lpt-10210,M,New,2026-09-01 02:01:43,2026-05-09 00:00:00,-2762.0286111111113
EPA00006150,2026-08-20T07:10:38,2026/08/18,EMP-11337,LPT-11337,Moderate,Closed,2026-08-20 07:10:38,2026-08-18 00:00:00,-55.17722222222222
EPA00005975,09-03-2026 01:49:18 AM,04/09/2026 21:49,EMP11363,VDR_11363,MEDIUM,IN_PROGRESS,2026-09-03 01:49:18,2026-04-09 21:49:00,-3508.005
EPA00001075,2026-08-01 11:31:44,03/08/2026 03:31,EMP12340,WS-12340,H,N,2026-08-01 11:31:44,2026-03-08 03:31:00,-3512.012222222222
EPA00003108,30/08/2026,03/09/2026,EMP11316,VDR-11316,Major,O,2026-08-30 00:00:00,2026-03-09 00:00:00,-4176.0
EPA00006862,2026-08-06T06:23:30,07/08/2026 16:23,EMP11659,LPT-11659,Minor,In Progress,2026-08-06 06:23:30,2026-07-08 16:23:00,-686.0083333333333
EPA00000255,10/08/2026 12:40,2026-08-12T21:40:29,EMP11211,ws-11211,M,N,2026-10-08 12:40:00,2026-08-12 21:40:29,-1358.9919444444445
EPA00006204,2026-08-12 20:36:25,2026-08-12T13:36:25,EMP-12193,VDR-12193.corp.local,P1,NEW,2026-08-12 20:36:25,2026-08-12 13:36:25,-7.0
EPA00007086,13/08/2026 04:03,2026/08/13,EMP11372,WS-11372,L,IN_PROGRESS,2026-08-13 04:03:00,2026-08-13 00:00:00,-4.05
EPA00004846,08-01-2026 06:36:26 AM,03/08/2026,EMP11152,VDR-11152,H,OPEN,2026-08-01 06:36:26,2026-03-08 00:00:00,-3510.6072222222224
EPA00001544,2026-09-01 03:45:06,03/09/2026,EMP11025,LPT-11025,P3,New,2026-09-01 03:45:06,2026-03-09 00:00:00,-4227.751666666667
EPA00000189,2026-09-04 09:27:38,2026-09-03T10:27:38,EMP-11084,WS-11084,P4,NEW,2026-09-04 09:27:38,2026-09-03 10:27:38,-23.0
EPA00004185,12/08/2026,16-Aug-2026 04:50:06,EMP-11078,WS-11078,Low,Resolved,2026-12-08 00:00:00,2026-08-16 04:50:06,-2731.165
EPA00007670,2026-09-03T09:37:35,08/09/2026 08:37,EMP 11714,LPT-11714,Minor,New,2026-09-03 09:37:35,2026-08-09 08:37:00,-601.0097222222222
EPA00000422,2026-08-22 04:49:18,2026-08-21 20:49:18,12202,lpt-12202,CRITICAL,WIP,2026-08-22 04:49:18,2026-08-21 20:49:18,-8.0
EPA00006527,12/08/2026,2026-08-14 19:39:43,EMP11583,VDR-11583,P3,Resolved,2026-12-08 00:00:00,2026-08-14 19:39:43,-2764.3380555555555
EPA00005709,2026-08-15 08:24:01,2026/08/15,emp_10128,WS-10128,P2,FALSE_POSITIVE,2026-08-15 08:24:01,2026-08-15 00:00:00,-8.400277777777777
EPA00000427,08-04-2026 07:42:55 AM,03-Aug-2026 19:42:55,EMP10339,VDR-10339,HIGH,Active,2026-08-04 07:42:55,2026-08-03 19:42:55,-12.0
EPA00000211,12/08/2026,14-Aug-2026 22:52:03,EMP 12893,VDR-12893,P3,N,2026-12-08 00:00:00,2026-08-14 22:52:03,-2761.1325
EPA00001973,2026/08/06,07/08/2026 18:18,EMP10226,VDR-10226,P4,False Positive,2026-08-06 00:00:00,2026-07-08 18:18:00,-677.7
EPA00005556,01-Sep-2026 22:16:03,05/09/2026 18:16,EMP 12225,VDR-12225.corp.local,H,New,2026-09-01 22:16:03,2026-05-09 18:16:00,-2764.0008333333335
EPA00002856,2026-08-29 22:48:55,01/09/2026,emp10726,WS-10726,CRIT,FALSE_POSITIVE,2026-08-29 22:48:55,2026-01-09 00:00:00,-5590.815277777778
EPA00000706,11/08/2026 00:04,15-Aug-2026 07:04:50,10899,vdr-10899,P2,Resolved,2026-11-08 00:04:00,2026-08-15 07:04:50,-2032.986111111111
EPA00001873,09-06-2026 07:06:14 AM,07/09/2026 00:06,EMP11543,WS-11543,P3,Unassigned,2026-09-06 07:06:14,2026-07-09 00:06:00,-1423.003888888889
EPA00000326,10/08/2026,2026-08-14T04:00:53,EMP11372,WS-11372,P1,NEW,2026-10-08 00:00:00,2026-08-14 04:00:53,-1315.9852777777778
EPA00006779,2026-08-04 15:07:49,06/08/2026 20:07,EMP11523,ws-11523,Severe,Unassigned,2026-08-04 15:07:49,2026-06-08 20:07:00,-1363.013611111111
EPA00002267,2026-08-31 20:28:08,03/09/2026 01:28,EMP11677,WS-11677,P2,R,2026-08-31 20:28:08,2026-03-09 01:28:00,-4219.002222222222
EPA00003802,09-05-2026 11:11:11 AM,06/09/2026 18:11,EMP10350,VDR-10350,H,Unassigned,2026-09-05 11:11:11,2026-06-09 18:11:00,-2105.0030555555554
EPA00003612,08-06-2026 01:10:42 AM,06/08/2026,10693,VDR_10693,Major,Closed,2026-08-06 01:10:42,2026-06-08 00:00:00,-1417.1783333333333
EPA00007604,08-02-2026 06:42:36 AM,01/08/2026 06:42,EMP11876,WS-11876,L,Open,2026-08-02 06:42:36,2026-01-08 06:42:00,-4944.01
EPA00000421,23/08/2026 05:04,2026-08-21T08:04:54,EMP12297,LPT-12297,LOW,Open,2026-08-23 05:04:00,2026-08-21 08:04:54,-44.985
EPA00000656,11/08/2026,14/08/2026 04:52,EMP11679,LPT-11679.corp.local,L,O,2026-11-08 00:00:00,2026-08-14 04:52:00,-2059.133333333333
EPA00006422,2026-09-08 07:20:11,08/09/2026,EMP12440,LPT-12440,L,New,2026-09-08 07:20:11,2026-08-09 00:00:00,-727.3363888888889
EPA00007659,08-23-2026 03:16:23 PM,2026-08-23T00:16:23,11616,LPT-11616,Low,RESOLVED,2026-08-23 15:16:23,2026-08-23 00:16:23,-15.0
EPA00006596,2026-08-04 16:51:46,07/08/2026 17:51,EMP10022,VDR-10022,M,O,2026-08-04 16:51:46,2026-07-08 17:51:00,-647.0127777777777
EPA00006181,2026-08-03T20:10:40,07/08/2026 02:10,EMP-11977,LPT-11977,Critical,Open,2026-08-03 20:10:40,2026-07-08 02:10:00,-642.0111111111111
EPA00000388,09/08/2026 22:48,11-Aug-2026 01:48:52,EMP10699,WS-10699,P4,Closed,2026-09-08 22:48:00,2026-08-11 01:48:52,-692.9855555555556
EPA00000932,08-30-2026 04:18:19 AM,03/09/2026 18:18,emp12017,VDR-12017,Moderate,NEW,2026-08-30 04:18:19,2026-03-09 18:18:00,-4162.005277777777
EPA00006730,2026-08-02 14:46:14,05/08/2026 03:46,EMP10807,VDR-10807,LOW,Not Malicious,2026-08-02 14:46:14,2026-05-08 03:46:00,-2075.003888888889
EPA00005149,04-Aug-2026 03:01:50,05/08/2026,EMP 12570,VDR-12570,L,NEW,2026-08-04 03:01:50,2026-05-08 00:00:00,-2115.0305555555556
EPA00000064,08-18-2026 10:29:18 AM,2026/08/18,EMP11714,LPT-11714,Moderate,CLOSED,2026-08-18 10:29:18,2026-08-18 00:00:00,-10.488333333333333
EPA00005693,03/09/2026,01/09/2026 16:34,emp12795,,HIGH,CLOSED,2026-03-09 00:00:00,2026-01-09 16:34:00,-1399.4333333333334
EPA00000030,2026-09-03 03:45:03,06/09/2026,EMP-12051,WS-12051,M,NEW,2026-09-03 03:45:03,2026-06-09 00:00:00,-2067.7508333333335
EPA00006106,08-25-2026 08:02:05 PM,08-24-2026 04:02:05 AM,EMP 12168,VDR-12168,HIGH,Active,2026-08-25 20:02:05,2026-08-24 04:02:05,-40.0
EPA00004741,2026-09-01 06:54:51,01/09/2026 08:54,EMP11563,WS-11563.corp.local,LOW,RESOLVED,2026-09-01 06:54:51,2026-01-09 08:54:00,-5638.014166666667
EPA00000809,2026-08-18 00:42:10,08-17-2026 09:42:10 PM,EMP 10894,LPT-10894,MEDIUM,FALSE_POSITIVE,2026-08-18 00:42:10,2026-08-17 21:42:10,-3.0
EPA00001236,12/08/2026,2026-08-12 19:00:53,EMP11600,VDR-11600,CRIT,IN_PROGRESS,2026-12-08 00:00:00,2026-08-12 19:00:53,-2812.985277777778
EPA00004162,11/08/2026,08-12-2026 10:15:14 PM,EMP12960,LPT-12960,P4,Closed,2026-11-08 00:00:00,2026-08-12 22:15:14,-2089.746111111111
EPA00004902,2026-09-05 01:45:28,2026/09/05,EMP10567,LPT_10567,P4,In Progress,2026-09-05 01:45:28,2026-09-05 00:00:00,-1.7577777777777779
EPA00002207,2026-08-04 06:59:40,05/08/2026 06:59,emp_10021,LPT-10021,High,O,2026-08-04 06:59:40,2026-05-08 06:59:00,-2112.011111111111
EPA00007452,20/08/2026,2026-08-18 11:58:16,EMP11615,LPT-11615,LOW,WIP,2026-08-20 00:00:00,2026-08-18 11:58:16,-36.028888888888886
EPA00001486,11/08/2026,11-Aug-2026 11:32:55,emp_12061,LPT-12061,CRIT,R,2026-11-08 00:00:00,2026-08-11 11:32:55,-2124.4513888888887
EPA00001273,2026/09/02,06/09/2026,EMP-10057,VDR-10057,H,Not Malicious,2026-09-02 00:00:00,2026-06-09 00:00:00,-2040.0
EPA00002463,2026-09-01T19:12:03,02/09/2026 08:12,EMP12019,VDR-12019.corp.local,M,WIP,2026-09-01 19:12:03,2026-02-09 08:12:00,-4907.0008333333335
EPA00007125,10/08/2026 21:59,2026-08-11T11:59:40,EMP-10218,VDR-10218,P3,OPEN,2026-10-08 21:59:00,2026-08-11 11:59:40,-1401.9888888888888
EPA00002918,2026/09/01,02/09/2026 11:36,emp11599,VDR-11599,HIGH,Open,2026-09-01 00:00:00,2026-02-09 11:36:00,-4884.4
EPA00004152,2026-09-05T10:33:30,08/09/2026 23:33,EMP11576,VDR-11576,HIGH,Active,2026-09-05 10:33:30,2026-08-09 23:33:00,-635.0083333333333
EPA00004939,09/08/2026 14:37,09/08/2026,EMP10547,LPT-10547,Low,Closed,2026-09-08 14:37:00,2026-09-08 00:00:00,-14.616666666666667
EPA00005213,08-02-2026 12:54:46 AM,05/08/2026,10713,VDR-10713,Minor,Open,2026-08-02 00:54:46,2026-05-08 00:00:00,-2064.9127777777776
EPA00006399,2026-08-05 18:49:18,06/08/2026 02:49,EMP10753,LPT-10753,LOW,Closed,2026-08-05 18:49:18,2026-06-08 02:49:00,-1408.005
EPA00007776,08-29-2026 11:39:14 AM,01/09/2026 23:39,EMP11938,ws-11938,Critical,R,2026-08-29 11:39:14,2026-01-09 23:39:00,-5556.0038888888885
EPA00006300,31/08/2026 23:15,30-Aug-2026 18:15:39,EMP11707,LPT-11707,Medium,Resolved,2026-08-31 23:15:00,2026-08-30 18:15:39,-28.989166666666666
EPA00007496,10/08/2026,11-Aug-2026 08:28:14,emp_11679,LPT-11679,HIGH,Open,2026-10-08 00:00:00,2026-08-11 08:28:14,-1383.5294444444444
EPA00000968,23-Aug-2026 21:54:06,23/08/2026 13:54,12814,VDR-12814,M,IN_PROGRESS,2026-08-23 21:54:06,2026-08-23 13:54:00,-8.001666666666667
EPA00000273,30/08/2026,01/09/2026 04:34,emp12446,,HIGH,FP,2026-08-30 00:00:00,2026-01-09 04:34:00,-5587.433333333333
EPA00007971,2026/08/31,04/09/2026 03:15,EMP-11587,vdr-11587,Medium,N,2026-08-31 00:00:00,2026-04-09 03:15:00,-3452.75
EPA00003095,2026-08-22T18:21:34,2026-08-22T16:21:34,emp_12321,,Minor,New,2026-08-22 18:21:34,2026-08-22 16:21:34,-2.0
EPA00003430,19/08/2026,2026-08-18T09:05:32,EMP12624,VDR-12624,Minor,Not Malicious,2026-08-19 00:00:00,2026-08-18 09:05:32,-14.907777777777778
EPA00004989,2026-08-31 04:28:05,29/08/2026 08:28,EMP11116,LPT_11116,High,N,2026-08-31 04:28:05,2026-08-29 08:28:00,-44.00138888888889
EPA00004681,2026-08-03T06:43:38,04/08/2026 04:43,EMP10805,VDR-10805.corp.local,Medium,New,2026-08-03 06:43:38,2026-04-08 04:43:00,-2810.0105555555556
EPA00000337,01-Aug-2026 10:20:26,02/08/2026 00:20,EMP10800,WS-10800,P2,NEW,2026-08-01 10:20:26,2026-02-08 00:20:00,-4186.0072222222225
EPA00005843,09/08/2026 09:07,11-Aug-2026 04:07:16,EMP 10999,WS-10999,L,IN_PROGRESS,2026-09-08 09:07:00,2026-08-11 04:07:16,-676.9955555555556
EPA00000766,11/08/2026 17:38,2026-08-16T01:38:50,EMP 12452,VDR-12452,MEDIUM,Resolved,2026-11-08 17:38:00,2026-08-16 01:38:50,-2031.986111111111
EPA00000072,11/08/2026 02:54,15/08/2026 16:54,EMP11661,LPT-11661,P2,Closed,2026-11-08 02:54:00,2026-08-15 16:54:00,-2026.0
EPA00006999,10/08/2026,13/08/2026 07:21,12907,LPT-12907,P3,IN_PROGRESS,2026-10-08 00:00:00,2026-08-13 07:21:00,-1336.65
EPA00002168,2026-08-02 22:36:51,03/08/2026 10:36,emp_12707,VDR-12707,Moderate,O,2026-08-02 22:36:51,2026-03-08 10:36:00,-3540.014166666667
EPA00001613,2026-08-10 11:41:00,09-Aug-2026 04:41:00,emp_10031,VDR_10031,Minor,FP,2026-08-10 11:41:00,2026-08-09 04:41:00,-31.0
EPA00003318,21/08/2026,20/08/2026 08:11,EMP 10287,WS-10287,MEDIUM,In Progress,2026-08-21 00:00:00,2026-08-20 08:11:00,-15.816666666666666
EPA00006697,13/08/2026 09:56,13/08/2026,EMP-11865,WS-11865,P3,New,2026-08-13 09:56:00,2026-08-13 00:00:00,-9.933333333333334
EPA00005016,05-Aug-2026 06:42:17,07/08/2026,EMP12723,WS-12723,High,NEW,2026-08-05 06:42:17,2026-07-08 00:00:00,-678.7047222222222
EPA00004289,31-Aug-2026 00:03:27,03/09/2026,EMP-10838,,P1,New,2026-08-31 00:03:27,2026-03-09 00:00:00,-4200.0575
EPA00003917,2026-08-18T04:27:24,08-16-2026 09:27:24 PM,EMP12133,LPT_12133,L,NEW,2026-08-18 04:27:24,2026-08-16 21:27:24,-31.0
EPA00005703,2026-08-17 21:57:51,16/08/2026,EMP12350,WS-12350,Medium,O,2026-08-17 21:57:51,2026-08-16 00:00:00,-45.964166666666664
EPA00000945,2026-08-30T02:05:52,03/09/2026,12502,LPT-12502,P4,IN_PROGRESS,2026-08-30 02:05:52,2026-03-09 00:00:00,-4178.097777777778
EPA00003769,05-Aug-2026 16:01:53,2026-08-04 16:01:53,10944,LPT-10944,MEDIUM,RESOLVED,2026-08-05 16:01:53,2026-08-04 16:01:53,-24.0
EPA00002905,2026-08-01 23:16:58,04/08/2026,EMP12088,LPT-12088.corp.local,LOW,FALSE_POSITIVE,2026-08-01 23:16:58,2026-04-08 00:00:00,-2783.282777777778
EPA00006067,04-Aug-2026 00:18:01,05/08/2026 12:18,11318,VDR_11318,Moderate,Resolved,2026-08-04 00:18:01,2026-05-08 12:18:00,-2100.0002777777777
EPA00005147,08-30-2026 08:51:32 PM,29/08/2026,emp11157,VDR-11157,HIGH,R,2026-08-30 20:51:32,2026-08-29 00:00:00,-44.85888888888889
EPA00002828,2026-08-01 14:46:34,03/08/2026 22:46,EMP10378,LPT-10378,P4,Unassigned,2026-08-01 14:46:34,2026-03-08 22:46:00,-3496.0094444444444
EPA00005699,2026-08-31 08:21:12,01/09/2026 07:21,EMP-10315,VDR-10315.corp.local,M,OPEN,2026-08-31 08:21:12,2026-01-09 07:21:00,-5617.003333333333
EPA00003917,2026-08-18T04:27:24,08-16-2026 09:27:24 PM,EMP12133,LPT_12133,L,NEW,2026-08-18 04:27:24,2026-08-16 21:27:24,-31.0
EPA00000838,2026-08-31 17:46:41,02/09/2026,EMP11886,,H,Closed,2026-08-31 17:46:41,2026-02-09 00:00:00,-4889.7780555555555
EPA00003359,09/08/2026 02:03,12-Aug-2026 02:03:18,EMP10169,LPT-10169,P3,O,2026-09-08 02:03:00,2026-08-12 02:03:18,-647.995
EPA00005603,08-06-2026 03:42:06 PM,2026/08/06,EMP12817,LPT-12817,MEDIUM,OPEN,2026-08-06 15:42:06,2026-08-06 00:00:00,-15.701666666666666
EPA00000791,2026-08-02 20:30:11,02/08/2026,EMP12864,lpt-12864,P4,Not Malicious,2026-08-02 20:30:11,2026-02-08 00:00:00,-4220.503055555556
EPA00003394,2026-08-25T01:46:03,2026/08/25,emp_10245,,Severe,Investigating,2026-08-25 01:46:03,2026-08-25 00:00:00,-1.7675
EPA00006274,07-Sep-2026 23:01:44,08/09/2026,12354,LPT-12354,P4,New,2026-09-07 23:01:44,2026-08-09 00:00:00,-719.0288888888889
EPA00002891,24/08/2026 13:03,2026-08-24 07:03:27,emp11916,VDR-11916,L,NEW,2026-08-24 13:03:00,2026-08-24 07:03:27,-5.9925
EPA00000532,2026-08-09T23:45:21,2026-08-09 05:45:21,10581,LPT-10581.corp.local,Minor,FALSE_POSITIVE,2026-08-09 23:45:21,2026-08-09 05:45:21,-18.0
EPA00003796,09-02-2026 05:17:52 AM,03/09/2026 00:17,EMP12174,VDR_12174,High,In Progress,2026-09-02 05:17:52,2026-03-09 00:17:00,-4253.014444444444
EPA00007183,09-02-2026 03:51:51 AM,04/09/2026 14:51,EMP10394,WS-10394,Severe,Active,2026-09-02 03:51:51,2026-04-09 14:51:00,-3493.014166666667
EPA00004560,2026/08/04,07/08/2026 07:14,EMP-11091,VDR-11091,Minor,Active,2026-08-04 00:00:00,2026-07-08 07:14:00,-640.7666666666667
EPA00003247,13-Aug-2026 14:19:34,13/08/2026 14:19,EMP12853,WS-12853,LOW,Resolved,2026-08-13 14:19:34,2026-08-13 14:19:00,-0.009444444444444445
EPA00002411,2026-08-03T06:31:08,03/08/2026 15:31,EMP 11170,LPT-11170.corp.local,HIGH,N,2026-08-03 06:31:08,2026-03-08 15:31:00,-3543.0022222222224
EPA00007653,08-26-2026 07:34:31 AM,2026-08-26 04:34:31,emp10026,LPT-10026,MEDIUM,FALSE_POSITIVE,2026-08-26 07:34:31,2026-08-26 04:34:31,-3.0
EPA00003850,10/08/2026,2026-08-11T00:13:06,EMP11837,lpt-11837,L,Active,2026-10-08 00:00:00,2026-08-11 00:13:06,-1391.7816666666668
EPA00005463,09-08-2026 07:45:30 AM,07/09/2026 11:45,EMP12803,VDR-12803,Low,False Positive,2026-09-08 07:45:30,2026-07-09 11:45:00,-1460.0083333333334
EPA00005600,2026-08-01T08:13:35,04/08/2026 23:13,EMP10669,LPT-10669,Medium,Unassigned,2026-08-01 08:13:35,2026-04-08 23:13:00,-2745.009722222222
EPA00001201,2026-08-28 04:57:18,01/09/2026 09:57,EMP 10826,WS-10826,HIGH,Active,2026-08-28 04:57:18,2026-01-09 09:57:00,-5539.005
EPA00003516,20-Aug-2026 13:11:16,2026/08/20,emp11155,VDR-11155,Major,False Positive,2026-08-20 13:11:16,2026-08-20 00:00:00,-13.187777777777777
EPA00006785,12/08/2026 06:23,2026/08/14,EMP11107,LPT-11107,MEDIUM,FP,2026-12-08 06:23:00,2026-08-14 00:00:00,-2790.383333333333
EPA00005690,2026-08-06 18:13:10,06/08/2026 22:13,EMP11378,VDR-11378,M,New,2026-08-06 18:13:10,2026-06-08 22:13:00,-1412.0027777777777
EPA00007369,08-30-2026 11:17:30 AM,04/09/2026 02:17,EMP11132,ws-11132,MEDIUM,Open,2026-08-30 11:17:30,2026-04-09 02:17:00,-3441.008333333333
EPA00005529,06-Aug-2026 09:00:57,07/08/2026 08:00,EMP11184,LPT-11184,Major,WIP,2026-08-06 09:00:57,2026-07-08 08:00:00,-697.0158333333334
EPA00002881,11/08/2026 14:24,2026-08-14T04:24:46,EMP11371,LPT-11371,LOW,Resolved,2026-11-08 14:24:00,2026-08-14 04:24:46,-2073.987222222222
EPA00007874,2026-08-31 11:22:56,01/09/2026 10:22,emp_12073,VDR-12073,Moderate,In Progress,2026-08-31 11:22:56,2026-01-09 10:22:00,-5617.015555555556
EPA00002251,2026/08/27,01/09/2026 12:26,EMP11351,VDR-11351,MEDIUM,Resolved,2026-08-27 00:00:00,2026-01-09 12:26:00,-5507.566666666667
EPA00006520,2026-08-20 03:06:22,20/08/2026,EMP11178,LPT-11178,P3,NEW,2026-08-20 03:06:22,2026-08-20 00:00:00,-3.1061111111111113
EPA00007192,2026-08-29 02:18:04,02/09/2026,EMP12298,LPT-12298,LOW,Open,2026-08-29 02:18:04,2026-02-09 00:00:00,-4826.301111111111
EPA00000860,29-Aug-2026 10:14:33,01/09/2026 14:14,EMP10490,LPT-10490,MEDIUM,Closed,2026-08-29 10:14:33,2026-01-09 14:14:00,-5564.009166666667
EPA00004326,2026/09/04,05/09/2026 08:22,EMP12787,LPT-12787,Moderate,Investigating,2026-09-04 00:00:00,2026-05-09 08:22:00,-2823.633333333333
EPA00004464,09-04-2026 04:52:51 PM,04/09/2026 18:52,EMP10993,LPT-10993,H,N,2026-09-04 16:52:51,2026-04-09 18:52:00,-3550.014166666667
EPA00001272,30/08/2026 20:51,04/09/2026,EMP10977,VDR-10977,MEDIUM,FP,2026-08-30 20:51:00,2026-04-09 00:00:00,-3452.85
EPA00004740,2026-08-03 19:19:46,2026-08-02 06:19:46,emp12426,WS-12426,High,O,2026-08-03 19:19:46,2026-08-02 06:19:46,-37.0
EPA00005592,2026-09-03T20:09:06,04/09/2026 12:09,EMP12082,WS-12082,L,NEW,2026-09-03 20:09:06,2026-04-09 12:09:00,-3536.0016666666666
EPA00006582,2026/09/04,06/09/2026,12388,VDR-12388,Medium,In Progress,2026-09-04 00:00:00,2026-06-09 00:00:00,-2088.0
EPA00006723,10/08/2026,2026/08/11,EMP11806,WS-11806,LOW,Resolved,2026-10-08 00:00:00,2026-08-11 00:00:00,-1392.0
EPA00003766,2026-08-04 04:53:57,02/08/2026 08:53,EMP12257,LPT-12257,MEDIUM,Resolved,2026-08-04 04:53:57,2026-02-08 08:53:00,-4244.015833333333
EPA00000050,03-Aug-2026 04:48:36,01/08/2026 22:48,EMP10209,VDR_10209,M,Unassigned,2026-08-03 04:48:36,2026-01-08 22:48:00,-4950.01
EPA00003278,30/08/2026 07:54,03/09/2026 18:54,emp_10993,LPT-10993,Critical,RESOLVED,2026-08-30 07:54:00,2026-03-09 18:54:00,-4165.0
EPA00006493,10/08/2026 02:51,12-Aug-2026 14:51:32,EMP12046,LPT-12046,Critical,N,2026-10-08 02:51:00,2026-08-12 14:51:32,-1355.9911111111112
EPA00000313,04-Aug-2026 16:03:12,06/08/2026,EMP10384,LPT_10384,CRIT,In Progress,2026-08-04 16:03:12,2026-06-08 00:00:00,-1384.0533333333333
EPA00003665,09-03-2026 03:48:54 AM,2026-09-02 03:48:54,12361,WS-12361,H,In Progress,2026-09-03 03:48:54,2026-09-02 03:48:54,-24.0
EPA00004603,10/08/2026 17:05,08-12-2026 03:05:40 AM,EMP 10741,,Major,IN_PROGRESS,2026-10-08 17:05:00,2026-08-12 03:05:40,-1381.9888888888888
EPA00000213,2026/09/06,07/09/2026,EMP11245,,LOW,Investigating,2026-09-06 00:00:00,2026-07-09 00:00:00,-1416.0
EPA00005002,2026-08-03T05:50:45,05/08/2026,EMP 11687,WS-11687,Medium,WIP,2026-08-03 05:50:45,2026-05-08 00:00:00,-2093.8458333333333
EPA00002799,17-Aug-2026 00:46:11,15/08/2026 17:46,EMP12246,WS-12246,CRIT,R,2026-08-17 00:46:11,2026-08-15 17:46:00,-31.003055555555555
EPA00007886,21-Aug-2026 22:33:48,2026/08/21,EMP10056,VDR-10056,Moderate,OPEN,2026-08-21 22:33:48,2026-08-21 00:00:00,-22.563333333333333
EPA00002519,11/08/2026,2026/08/13,EMP11872,,Major,O,2026-11-08 00:00:00,2026-08-13 00:00:00,-2088.0
EPA00005499,2026-08-31 12:42:11,02/09/2026,EMP10430,WS-10430.corp.local,L,RESOLVED,2026-08-31 12:42:11,2026-02-09 00:00:00,-4884.703055555556
EPA00006102,08-30-2026 04:50:49 PM,03/09/2026 08:50,EMP 11540,WS-11540.corp.local,Moderate,OPEN,2026-08-30 16:50:49,2026-03-09 08:50:00,-4184.0136111111115
EPA00007320,06-Sep-2026 01:33:53,07/09/2026 07:33,EMP12802,WS-12802,P3,Active,2026-09-06 01:33:53,2026-07-09 07:33:00,-1410.0147222222222
EPA00005401,2026-08-15 14:39:27,15/08/2026,EMP10208,vdr-10208,L,RESOLVED,2026-08-15 14:39:27,2026-08-15 00:00:00,-14.6575
EPA00004943,2026/08/02,07/08/2026 07:22,12892,VDR-12892,M,N,2026-08-02 00:00:00,2026-07-08 07:22:00,-592.6333333333333
EPA00000357,09-06-2026 07:25:03 PM,05/09/2026 06:25,12067,WS-12067,H,New,2026-09-06 19:25:03,2026-05-09 06:25:00,-2893.0008333333335
EPA00007008,10/08/2026 16:11,2026/08/14,EMP11652,VDR-11652,Moderate,N,2026-10-08 16:11:00,2026-08-14 00:00:00,-1336.1833333333334
EPA00004546,20/08/2026,2026/08/19,EMP10044,vdr-10044,High,NEW,2026-08-20 00:00:00,2026-08-19 00:00:00,-24.0
EPA00007072,10-Aug-2026 01:19:14,2026/08/10,EMP 12272,VDR-12272,Low,Investigating,2026-08-10 01:19:14,2026-08-10 00:00:00,-1.3205555555555555
EPA00003576,09-06-2026 07:02:56 PM,07/09/2026 04:02,EMP11217,VDR-11217,L,O,2026-09-06 19:02:56,2026-07-09 04:02:00,-1431.0155555555555
EPA00003765,2026/09/05,05/09/2026 07:42,EMP 10679,LPT-10679,P4,Investigating,2026-09-05 00:00:00,2026-05-09 07:42:00,-2848.3
EPA00007418,31/08/2026,2026-08-30T08:15:07,EMP11138,lpt-11138,Minor,New,2026-08-31 00:00:00,2026-08-30 08:15:07,-15.748055555555556
EPA00001197,01-Sep-2026 05:35:06,01/09/2026 14:35,EMP10593,LPT-10593,M,Unassigned,2026-09-01 05:35:06,2026-01-09 14:35:00,-5631.001666666667
EPA00001879,25-Aug-2026 07:33:45,24/08/2026 22:33,emp10833,VDR_10833,Major,WIP,2026-08-25 07:33:45,2026-08-24 22:33:00,-9.0125
EPA00002669,31/08/2026 20:21,03/09/2026 03:21,12268,LPT-12268,CRIT,Active,2026-08-31 20:21:00,2026-03-09 03:21:00,-4217.0
EPA00001949,2026-08-01 23:56:28,02/08/2026,EMP12066,LPT-12066,M,Investigating,2026-08-01 23:56:28,2026-02-08 00:00:00,-4199.941111111111
EPA00004499,2026-08-31 20:37:13,05/09/2026,emp_12314,LPT-12314,Moderate,N,2026-08-31 20:37:13,2026-05-09 00:00:00,-2756.6202777777776
EPA00005543,08-09-2026 07:12:28 PM,2026/08/09,emp12245,LPT-12245,M,FP,2026-08-09 19:12:28,2026-08-09 00:00:00,-19.20777777777778
EPA00003879,09-08-2026 01:21:37 PM,09-08-2026 04:21:37 AM,EMP12043,LPT-12043,MEDIUM,New,2026-09-08 13:21:37,2026-09-08 04:21:37,-9.0
EPA00002781,21/08/2026 22:02,20/08/2026 13:02,EMP-12218,VDR-12218,Moderate,CLOSED,2026-08-21 22:02:00,2026-08-20 13:02:00,-33.0
EPA00007700,03-Aug-2026 20:37:12,05/08/2026 05:37,EMP12490,VDR-12490,Low,NEW,2026-08-03 20:37:12,2026-05-08 05:37:00,-2103.0033333333336
EPA00002093,2026-08-31 23:56:56,01/09/2026 12:56,EMP10158,,HIGH,Investigating,2026-08-31 23:56:56,2026-01-09 12:56:00,-5627.015555555556
EPA00004717,2026-09-05 07:03:04,05/09/2026 16:03,emp11927,VDR-11927,Moderate,CLOSED,2026-09-05 07:03:04,2026-05-09 16:03:00,-2847.001111111111
EPA00007769,02-Aug-2026 05:40:22,02/08/2026,EMP 12735,LPT-12735,MEDIUM,New,2026-08-02 05:40:22,2026-02-08 00:00:00,-4205.672777777778
EPA00001310,2026/09/02,01-Sep-2026 12:37:36,EMP-11029,lpt-11029,LOW,Investigating,2026-09-02 00:00:00,2026-09-01 12:37:36,-11.373333333333333
EPA00004118,30/08/2026 18:40,02/09/2026 20:40,EMP11076,ws-11076,P3,N,2026-08-30 18:40:00,2026-02-09 20:40:00,-4846.0
EPA00000116,2026-08-29 09:07:33,02/09/2026 04:07,EMP10843,VDR-10843,MEDIUM,OPEN,2026-08-29 09:07:33,2026-02-09 04:07:00,-4829.009166666667
EPA00003489,2026-08-30 09:52:53,03/09/2026 03:52,EMP 10301,WS-10301,Medium,CLOSED,2026-08-30 09:52:53,2026-03-09 03:52:00,-4182.014722222222
EPA00001910,2026-09-01 23:00:30,06/09/2026 11:00,EMP11904,LPT-11904.corp.local,P4,OPEN,2026-09-01 23:00:30,2026-06-09 11:00:00,-2028.0083333333334
EPA00000359,08-06-2026 10:22:06 PM,07/08/2026,10784,WS-10784,M,New,2026-08-06 22:22:06,2026-07-08 00:00:00,-718.3683333333333
EPA00003635,2026-08-13T12:49:32,2026/08/13,emp_10678,LPT-10678.corp.local,Moderate,O,2026-08-13 12:49:32,2026-08-13 00:00:00,-12.825555555555555
EPA00006275,15/08/2026 20:52,2026-08-15 02:52:53,EMP11447,WS-11447,P4,N,2026-08-15 20:52:00,2026-08-15 02:52:53,-17.985277777777778
EPA00004817,09-07-2026 04:01:05 AM,2026/09/07,EMP11843,VDR_11843,Moderate,NEW,2026-09-07 04:01:05,2026-09-07 00:00:00,-4.018055555555556
EPA00007247,2026/08/02,06/08/2026,EMP12607,LPT_12607,LOW,R,2026-08-02 00:00:00,2026-06-08 00:00:00,-1320.0
EPA00001867,09/08/2026 14:55,2026-08-12 11:55:50,EMP 11646,lpt-11646,Severe,New,2026-09-08 14:55:00,2026-08-12 11:55:50,-650.9861111111111
EPA00006340,2026-08-16 09:09:20,16/08/2026,EMP12526,VDR-12526,P3,RESOLVED,2026-08-16 09:09:20,2026-08-16 00:00:00,-9.155555555555555
EPA00006560,2026-08-16 10:42:46,14-Aug-2026 13:42:46,EMP12670,LPT-12670,MEDIUM,O,2026-08-16 10:42:46,2026-08-14 13:42:46,-45.0
EPA00007224,2026-09-07T04:27:09,2026/09/05,EMP10455,VDR-10455,Medium,NEW,2026-09-07 04:27:09,2026-09-05 00:00:00,-52.4525
EPA00005921,29-Aug-2026 23:56:57,2026-08-28T07:56:57,emp11364,WS-11364,Low,R,2026-08-29 23:56:57,2026-08-28 07:56:57,-40.0
EPA00001186,13-Aug-2026 01:47:59,12-Aug-2026 07:47:59,EMP10068,VDR-10068,Moderate,Closed,2026-08-13 01:47:59,2026-08-12 07:47:59,-18.0
EPA00004601,2026-09-01 13:21:35,04/09/2026,EMP 12923,WS-12923,LOW,WIP,2026-09-01 13:21:35,2026-04-09 00:00:00,-3493.3597222222224
EPA00001493,21/08/2026 03:13,2026/08/19,emp_11463,ws-11463,LOW,Resolved,2026-08-21 03:13:00,2026-08-19 00:00:00,-51.21666666666667
EPA00006936,08-02-2026 07:22:11 AM,06/08/2026 17:22,EMP10051,vdr-10051,Major,Open,2026-08-02 07:22:11,2026-06-08 17:22:00,-1310.0030555555556
EPA00004997,08-30-2026 08:20:19 PM,02/09/2026 10:20,EMP10718,VDR-10718,Medium,RESOLVED,2026-08-30 20:20:19,2026-02-09 10:20:00,-4858.005277777777
EPA00001062,2026/08/03,07/08/2026 09:19,EMP10743,VDR_10743,HIGH,Closed,2026-08-03 00:00:00,2026-07-08 09:19:00,-614.6833333333333
EPA00005429,09/09/2026 18:48,2026-09-09 06:48:00,EMP12660,ws-12660,Medium,Closed,2026-09-09 18:48:00,2026-09-09 06:48:00,-12.0
EPA00005736,23/08/2026 13:17,2026/08/23,EMP10095,ws-10095,MEDIUM,Active,2026-08-23 13:17:00,2026-08-23 00:00:00,-13.283333333333333
EPA00000156,2026-09-05T11:00:03,08/09/2026 00:00,emp_12781,vdr-12781,Major,Closed,2026-09-05 11:00:03,2026-08-09 00:00:00,-659.0008333333334
EPA00007796,09/08/2026 10:21,08-13-2026 05:21:52 PM,EMP-12639,LPT-12639,Major,N,2026-09-08 10:21:00,2026-08-13 17:21:52,-616.9855555555556
EPA00000265,08/08/2026,2026-08-07 21:18:35,10854,LPT-10854,Moderate,Unassigned,2026-08-08 00:00:00,2026-08-07 21:18:35,-2.6902777777777778
EPA00003865,2026-09-05T10:52:52,2026/09/04,EMP10019,VDR-10019.corp.local,Moderate,New,2026-09-05 10:52:52,2026-09-04 00:00:00,-34.88111111111111
EPA00006870,2026-08-09 06:55:58,2026-08-08 05:55:58,EMP12729,LPT-12729,P4,IN_PROGRESS,2026-08-09 06:55:58,2026-08-08 05:55:58,-25.0
EPA00002401,10/08/2026,2026-08-12 14:57:11,EMP11226,LPT-11226,H,Closed,2026-10-08 00:00:00,2026-08-12 14:57:11,-1353.0469444444445
EPA00003605,2026-08-31 06:34:57,31/08/2026,EMP12354,LPT-12354,P1,Not Malicious,2026-08-31 06:34:57,2026-08-31 00:00:00,-6.5825
EPA00003959,2026/08/31,04/09/2026 01:26,EMP10136,WS-10136,Minor,Open,2026-08-31 00:00:00,2026-04-09 01:26:00,-3454.5666666666666
EPA00005883,2026-08-31T10:44:53,02/09/2026 10:44,EMP10090,WS-10090,Low,New,2026-08-31 10:44:53,2026-02-09 10:44:00,-4872.014722222222
EPA00007939,2026-09-04 04:05:09,05/09/2026 07:05,EMP11194,WS-11194,Low,R,2026-09-04 04:05:09,2026-05-09 07:05:00,-2829.0025
EPA00003670,15/08/2026 21:02,14/08/2026,EMP11299,LPT-11299,MEDIUM,Unassigned,2026-08-15 21:02:00,2026-08-14 00:00:00,-45.03333333333333
EPA00004261,02-Sep-2026 14:20:00,06/09/2026 09:20,EMP10771,LPT-10771,H,CLOSED,2026-09-02 14:20:00,2026-06-09 09:20:00,-2045.0
EPA00007434,2026-08-05T02:38:23,05/08/2026,EMP11873,WS-11873.corp.local,L,CLOSED,2026-08-05 02:38:23,2026-05-08 00:00:00,-2138.639722222222
EPA00002644,2026/08/03,06/08/2026 10:05,11520,WS-11520.corp.local,MEDIUM,Resolved,2026-08-03 00:00:00,2026-06-08 10:05:00,-1333.9166666666667
EPA00000841,01-Sep-2026 03:29:59,02/09/2026 19:29,10904,LPT-10904,Medium,New,2026-09-01 03:29:59,2026-02-09 19:29:00,-4880.016388888889
EPA00000205,2026-08-06 08:34:48,07/08/2026,EMP-10248,VDR-10248,M,WIP,2026-08-06 08:34:48,2026-07-08 00:00:00,-704.58
EPA00005094,11/08/2026 16:18,2026/08/12,EMP12213,WS-12213,Moderate,Unassigned,2026-11-08 16:18:00,2026-08-12 00:00:00,-2128.3
EPA00007017,09-06-2026 05:09:50 AM,06/09/2026 07:09,emp12031,WS-12031,LOW,CLOSED,2026-09-06 05:09:50,2026-06-09 07:09:00,-2134.0138888888887
EPA00002635,16/08/2026 07:42,2026-08-14 15:42:14,EMP-12571,,High,In Progress,2026-08-16 07:42:00,2026-08-14 15:42:14,-39.99611111111111
EPA00001038,2026-08-01 01:57:54,04/08/2026 18:57,EMP12153,VDR-12153,LOW,N,2026-08-01 01:57:54,2026-04-08 18:57:00,-2743.015
EPA00004083,2026-08-03T02:03:31,03/08/2026 03:03,emp11376,LPT-11376.corp.local,P2,RESOLVED,2026-08-03 02:03:31,2026-03-08 03:03:00,-3551.008611111111
EPA00005835,2026/09/05,08/09/2026 17:24,EMP11365,WS-11365,L,RESOLVED,2026-09-05 00:00:00,2026-08-09 17:24:00,-630.6
EPA00005308,2026-08-02 20:58:55,2026/08/02,emp_10962,,Moderate,R,2026-08-02 20:58:55,2026-08-02 00:00:00,-20.981944444444444
EPA00004084,05-Aug-2026 08:12:15,05/08/2026 22:12,EMP12783,LPT-12783,P4,CLOSED,2026-08-05 08:12:15,2026-05-08 22:12:00,-2122.0041666666666
EPA00004942,2026-08-05T08:00:31,05/08/2026 23:00,11436,,Minor,O,2026-08-05 08:00:31,2026-05-08 23:00:00,-2121.008611111111
EPA00006481,29/08/2026,03/09/2026 04:21,EMP10870,WS-10870,P3,IN_PROGRESS,2026-08-29 00:00:00,2026-03-09 04:21:00,-4147.65
EPA00007455,11/08/2026,15/08/2026 06:27,emp12464,VDR-12464,L,IN_PROGRESS,2026-11-08 00:00:00,2026-08-15 06:27:00,-2033.55
EPA00006320,2026-09-03 04:27:16,04/09/2026 14:27,EMP 10894,LPT-10894,H,Resolved,2026-09-03 04:27:16,2026-04-09 14:27:00,-3518.0044444444443
EPA00005088,04/09/2026 18:16,04/09/2026,EMP12796,LPT-12796,HIGH,Unassigned,2026-04-09 18:16:00,2026-04-09 00:00:00,-18.266666666666666
EPA00001675,2026-09-04 12:18:51,05/09/2026,EMP-12559,WS-12559,High,NEW,2026-09-04 12:18:51,2026-05-09 00:00:00,-2844.3141666666666
EPA00002248,2026-09-02T22:59:20,07/09/2026,EMP11381,WS-11381,Moderate,Closed,2026-09-02 22:59:20,2026-07-09 00:00:00,-1342.9888888888888
EPA00002280,2026-09-02 05:40:01,07/09/2026,EMP12044,LPT-12044,P4,Resolved,2026-09-02 05:40:01,2026-07-09 00:00:00,-1325.6669444444444
EPA00003898,2026-09-02 01:56:27,05/09/2026 12:56,EMP 11167,VDR-11167,Major,NEW,2026-09-02 01:56:27,2026-05-09 12:56:00,-2773.0075
EPA00002443,11/08/2026,16-Aug-2026 15:32:46,EMP12692,VDR-12692,Medium,NEW,2026-11-08 00:00:00,2026-08-16 15:32:46,-2000.453888888889
EPA00000465,2026-09-03 16:52:57,2026/09/02,EMP10394,WS_10394,M,Unassigned,2026-09-03 16:52:57,2026-09-02 00:00:00,-40.8825
EPA00000901,2026-08-04 09:10:16,07/08/2026 02:10,EMP-12742,WS-12742,Critical,Unassigned,2026-08-04 09:10:16,2026-07-08 02:10:00,-655.0044444444444
EPA00003030,10/08/2026,2026-08-11 15:38:56,EMP11249,VDR-11249,P4,Closed,2026-10-08 00:00:00,2026-08-11 15:38:56,-1376.351111111111
EPA00002045,2026-08-28 05:59:46,01/09/2026 07:59,EMP12851,ws-12851,Low,Active,2026-08-28 05:59:46,2026-01-09 07:59:00,-5542.012777777778
EPA00004518,08-04-2026 06:09:18 PM,07/08/2026 11:09,EMP 11537,VDR-11537,P1,N,2026-08-04 18:09:18,2026-07-08 11:09:00,-655.005
EPA00007402,2026-09-05 20:32:05,06/09/2026 18:32,EMP10560,LPT-10560,P3,Open,2026-09-05 20:32:05,2026-06-09 18:32:00,-2114.001388888889
EPA00007135,01-Aug-2026 17:10:09,04/08/2026 18:10,emp10191,WS-10191,Minor,O,2026-08-01 17:10:09,2026-04-08 18:10:00,-2759.0025
EPA00007185,12/08/2026,2026-08-12 13:27:07,emp10313,WS-10313,HIGH,In Progress,2026-12-08 00:00:00,2026-08-12 13:27:07,-2818.5480555555555
EPA00001885,2026-09-01T21:33:47,08-31-2026 12:33:47 PM,EMP-11512,LPT-11512,P2,Unassigned,2026-09-01 21:33:47,2026-08-31 12:33:47,-33.0
EPA00005701,10/08/2026 17:36,2026-08-14 21:36:27,EMP10710,VDR_10710,L,CLOSED,2026-10-08 17:36:00,2026-08-14 21:36:27,-1315.9925
EPA00007843,2026-09-04T02:41:04,04/09/2026 04:41,EMP10254,LPT-10254,High,NEW,2026-09-04 02:41:04,2026-04-09 04:41:00,-3550.001111111111
EPA00004438,08-07-2026 02:38:12 PM,2026-08-06 20:38:12,EMP10179,VDR-10179,P3,New,2026-08-07 14:38:12,2026-08-06 20:38:12,-18.0
EPA00002497,08-06-2026 05:44:13 AM,07/08/2026,EMP-10729,WS-10729.corp.local,Medium,In Progress,2026-08-06 05:44:13,2026-07-08 00:00:00,-701.7369444444445
EPA00006062,30/08/2026,03/09/2026,11246,LPT-11246,MEDIUM,Active,2026-08-30 00:00:00,2026-03-09 00:00:00,-4176.0
EPA00001602,09/08/2026 02:27,08-12-2026 10:27:46 AM,EMP11069,WS-11069,Low,Unassigned,2026-09-08 02:27:00,2026-08-12 10:27:46,-639.9872222222223
EPA00001524,2026-08-30 01:11:22,30/08/2026,EMP12110,,High,Active,2026-08-30 01:11:22,2026-08-30 00:00:00,-1.1894444444444445
EPA00007949,2026-09-01T15:35:20,05/09/2026 06:35,EMP11374,ws-11374,LOW,Open,2026-09-01 15:35:20,2026-05-09 06:35:00,-2769.0055555555555
EPA00002563,2026-08-04 00:46:15,06/08/2026,EMP12600,LPT_12600,MEDIUM,Active,2026-08-04 00:46:15,2026-06-08 00:00:00,-1368.7708333333333
EPA00000458,08-29-2026 10:56:29 AM,01/09/2026 16:56,emp10917,VDR-10917,P4,New,2026-08-29 10:56:29,2026-01-09 16:56:00,-5562.008055555556
EPA00007986,2026-08-31 21:14:34,02/09/2026 10:14,EMP10662,VDR-10662,L,Resolved,2026-08-31 21:14:34,2026-02-09 10:14:00,-4883.009444444445
EPA00002824,09/08/2026 21:09,2026-08-11T11:09:03,EMP10728,LPT-10728,Moderate,OPEN,2026-09-08 21:09:00,2026-08-11 11:09:03,-681.9991666666666
EPA00005102,11/08/2026 12:44,2026-08-12T12:44:23,EMP11614,LPT-11614,P4,New,2026-11-08 12:44:00,2026-08-12 12:44:23,-2111.993611111111
EPA00001344,31/08/2026,03/09/2026,EMP 12133,LPT-12133.corp.local,P3,Active,2026-08-31 00:00:00,2026-03-09 00:00:00,-4200.0
EPA00001101,2026-09-09 05:48:24,2026/09/07,EMP12028,ws-12028,LOW,Closed,2026-09-09 05:48:24,2026-09-07 00:00:00,-53.806666666666665
EPA00005858,08-31-2026 01:36:41 AM,30/08/2026 23:36,11379,WS-11379,Severe,In Progress,2026-08-31 01:36:41,2026-08-30 23:36:00,-2.011388888888889
EPA00003041,2026-08-26 23:50:15,26/08/2026,EMP12620,LPT-12620,M,New,2026-08-26 23:50:15,2026-08-26 00:00:00,-23.8375
EPA00006690,2026-08-01 23:58:51,06/08/2026,EMP10564,WS-10564,CRITICAL,Closed,2026-08-01 23:58:51,2026-06-08 00:00:00,-1319.9808333333333
EPA00003977,2026-08-12 09:11:54,11-Aug-2026 14:11:54,emp_12757,VDR-12757,Medium,Not Malicious,2026-08-12 09:11:54,2026-08-11 14:11:54,-19.0
EPA00007863,11/08/2026 19:07,14/08/2026 07:07,11995,lpt-11995,P3,O,2026-11-08 19:07:00,2026-08-14 07:07:00,-2076.0
EPA00005906,25/08/2026,2026/08/23,EMP12888,LPT-12888,H,O,2026-08-25 00:00:00,2026-08-23 00:00:00,-48.0
EPA00000445,30-Aug-2026 23:37:52,04/09/2026 10:37,EMP11338,VDR-11338.corp.local,Medium,New,2026-08-30 23:37:52,2026-04-09 10:37:00,-3445.0144444444445
EPA00007890,2026-08-02 05:58:33,02/08/2026 19:58,EMP-12118,WS-12118,MEDIUM,Closed,2026-08-02 05:58:33,2026-02-08 19:58:00,-4186.009166666667
EPA00004420,04-Sep-2026 14:01:18,09-02-2026 04:01:18 PM,EMP10721,WS_10721,Major,O,2026-09-04 14:01:18,2026-09-02 16:01:18,-46.0
EPA00004400,09-Sep-2026 08:52:41,08-Sep-2026 07:52:41,EMP11730,WS-11730,Low,O,2026-09-09 08:52:41,2026-09-08 07:52:41,-25.0
EPA00002502,2026-09-03T10:13:24,01/09/2026 23:13,EMP-11517,ws-11517,Medium,NEW,2026-09-03 10:13:24,2026-01-09 23:13:00,-5675.006666666667
EPA00007189,2026-08-01 17:44:49,05/08/2026,EMP12206,WS-12206,Medium,Resolved,2026-08-01 17:44:49,2026-05-08 00:00:00,-2057.7469444444446
EPA00007882,30-Aug-2026 22:20:00,04/09/2026 10:20,EMP10541,LPT-10541,Minor,Not Malicious,2026-08-30 22:20:00,2026-04-09 10:20:00,-3444.0
EPA00005850,28-Aug-2026 15:12:01,01/09/2026 00:12,emp11375,VDR-11375,LOW,Closed,2026-08-28 15:12:01,2026-01-09 00:12:00,-5559.000277777778
EPA00002409,2026-08-03 11:45:00,04/08/2026 04:45,EMP 10219,ws-10219,High,RESOLVED,2026-08-03 11:45:00,2026-04-08 04:45:00,-2815.0
EPA00005774,2026-08-14T14:23:03,13-Aug-2026 21:23:03,11151,LPT-11151.corp.local,LOW,In Progress,2026-08-14 14:23:03,2026-08-13 21:23:03,-17.0
EPA00007520,2026-08-22 02:57:20,22/08/2026,EMP 11252,WS-11252,P4,NEW,2026-08-22 02:57:20,2026-08-22 00:00:00,-2.9555555555555557
EPA00005179,09-05-2026 06:23:46 PM,08/09/2026 04:23,EMP10912,LPT-10912,L,Active,2026-09-05 18:23:46,2026-08-09 04:23:00,-662.0127777777777
EPA00003569,2026-08-31T06:34:11,2026/08/31,EMP11191,LPT-11191,P4,OPEN,2026-08-31 06:34:11,2026-08-31 00:00:00,-6.5697222222222225
EPA00005803,08-01-2026 07:31:09 AM,05/08/2026,EMP10251,VDR_10251,Moderate,OPEN,2026-08-01 07:31:09,2026-05-08 00:00:00,-2047.5191666666667
EPA00005725,2026-08-22 09:32:57,22/08/2026 09:32,EMP12604,VDR-12604,High,IN_PROGRESS,2026-08-22 09:32:57,2026-08-22 09:32:00,-0.015833333333333335
EPA00000270,2026-08-16T01:59:28,14/08/2026 16:59,EMP-10678,LPT-10678,MEDIUM,Resolved,2026-08-16 01:59:28,2026-08-14 16:59:00,-33.007777777777775
EPA00007851,2026/08/30,02/09/2026 09:11,EMP 12737,lpt-12737,High,OPEN,2026-08-30 00:00:00,2026-02-09 09:11:00,-4838.816666666667
EPA00000375,2026-09-01 15:26:31,30/08/2026,EMP10848,vdr-10848,Minor,Active,2026-09-01 15:26:31,2026-08-30 00:00:00,-63.441944444444445
EPA00005632,2026-08-05 05:22:19,07/08/2026 08:22,EMP11558,LPT-11558,M,In Progress,2026-08-05 05:22:19,2026-07-08 08:22:00,-669.0052777777778
EPA00007631,25/08/2026 17:16,2026-08-25T13:16:20,EMP-12886,vdr-12886,MEDIUM,Active,2026-08-25 17:16:00,2026-08-25 13:16:20,-3.9944444444444445
EPA00002072,09-06-2026 03:46:01 PM,07/09/2026 00:46,EMP12871,lpt-12871,M,In Progress,2026-09-06 15:46:01,2026-07-09 00:46:00,-1431.0002777777777
EPA00001978,03-Aug-2026 22:10:02,07/08/2026 09:10,EMP10420,LPT-10420,MEDIUM,Unassigned,2026-08-03 22:10:02,2026-07-08 09:10:00,-637.0005555555556
EPA00005452,2026-08-01 15:15:51,03/08/2026 01:15,EMP 11699,WS-11699,HIGH,Active,2026-08-01 15:15:51,2026-03-08 01:15:00,-3518.014166666667
EPA00007264,08-30-2026 05:06:21 AM,01/09/2026 10:06,EMP12569,,P4,N,2026-08-30 05:06:21,2026-01-09 10:06:00,-5587.005833333334
EPA00000459,2026-08-31 09:17:25,04/09/2026 09:17,emp12119,VDR-12119,MEDIUM,Closed,2026-08-31 09:17:25,2026-04-09 09:17:00,-3456.0069444444443
EPA00002055,2026-08-04 03:28:28,2026/08/04,EMP10707,WS-10707,LOW,In Progress,2026-08-04 03:28:28,2026-08-04 00:00:00,-3.4744444444444444
EPA00004239,08-04-2026 10:50:37 AM,04/08/2026 19:50,EMP11148,,H,False Positive,2026-08-04 10:50:37,2026-04-08 19:50:00,-2823.010277777778
EPA00004045,06-Aug-2026 13:06:12,2026/08/06,12186,LPT-12186,Major,Resolved,2026-08-06 13:06:12,2026-08-06 00:00:00,-13.103333333333333
EPA00006355,05-Sep-2026 19:33:21,06/09/2026,EMP12906,VDR-12906,P2,FALSE_POSITIVE,2026-09-05 19:33:21,2026-06-09 00:00:00,-2131.5558333333333
EPA00001577,07-Aug-2026 14:32:47,2026-08-06 09:32:47,EMP12420,VDR-12420,Minor,N,2026-08-07 14:32:47,2026-08-06 09:32:47,-29.0
EPA00006912,2026-08-01 03:36:33,04/08/2026,EMP11979,VDR_11979,P4,Closed,2026-08-01 03:36:33,2026-04-08 00:00:00,-2763.6091666666666
EPA00003497,2026-09-05 03:10:57,07/09/2026 21:10,emp11327,VDR-11327.corp.local,LOW,Open,2026-09-05 03:10:57,2026-07-09 21:10:00,-1374.0158333333334
EPA00004168,2026-08-22T20:25:55,22/08/2026 07:25,EMP12342,,P3,In Progress,2026-08-22 20:25:55,2026-08-22 07:25:00,-13.015277777777778
EPA00000395,2026/08/31,04/09/2026 08:58,emp_12693,vdr-12693,M,CLOSED,2026-08-31 00:00:00,2026-04-09 08:58:00,-3447.0333333333333
EPA00000693,11/08/2026 05:23,2026-08-13 06:23:40,EMP-10832,WS-10832.corp.local,HIGH,Active,2026-11-08 05:23:00,2026-08-13 06:23:40,-2086.988888888889
EPA00001810,03-Sep-2026 21:22:38,08/09/2026 18:22,EMP-10613,VDR-10613,LOW,Not Malicious,2026-09-03 21:22:38,2026-08-09 18:22:00,-603.0105555555556
EPA00001856,2026-09-04 04:19:47,08/09/2026,EMP10726,WS-10726,M,IN_PROGRESS,2026-09-04 04:19:47,2026-08-09 00:00:00,-628.3297222222222
EPA00006176,2026-09-03T04:46:39,2026/09/03,EMP11922,VDR-11922,Medium,Open,2026-09-03 04:46:39,2026-09-03 00:00:00,-4.7775
EPA00006877,2026/09/03,07/09/2026 14:17,EMP10923,vdr-10923,Major,IN_PROGRESS,2026-09-03 00:00:00,2026-07-09 14:17:00,-1329.7166666666667
EPA00000029,2026/08/01,06/08/2026 02:42,emp_10674,VDR-10674,P3,OPEN,2026-08-01 00:00:00,2026-06-08 02:42:00,-1293.3
EPA00000022,09/08/2026 04:14,2026-08-12 02:14:24,EMP10893,WS-10893,P3,NEW,2026-09-08 04:14:00,2026-08-12 02:14:24,-649.9933333333333
EPA00002753,2026-08-31 08:36:18,31-Aug-2026 00:36:18,EMP-12995,LPT-12995,HIGH,OPEN,2026-08-31 08:36:18,2026-08-31 00:36:18,-8.0
EPA00001266,03-Sep-2026 00:14:21,03/09/2026,emp_11945,LPT-11945,Severe,CLOSED,2026-09-03 00:14:21,2026-03-09 00:00:00,-4272.239166666666
EPA00000295,2026-09-01T07:39:11,03/09/2026 22:39,11970,lpt-11970,LOW,In Progress,2026-09-01 07:39:11,2026-03-09 22:39:00,-4209.003055555556
EPA00002404,08-10-2026 10:41:01 AM,08-08-2026 09:41:01 PM,EMP11678,lpt-11678,Minor,Resolved,2026-08-10 10:41:01,2026-08-08 21:41:01,-37.0
EPA00003742,2026-09-05 00:23:21,2026/09/05,EMP 12780,LPT-12780.corp.local,MEDIUM,NEW,2026-09-05 00:23:21,2026-09-05 00:00:00,-0.38916666666666666
EPA00004796,12/08/2026,08-13-2026 02:17:42 PM,EMP12894,VDR-12894,High,Unassigned,2026-12-08 00:00:00,2026-08-13 14:17:42,-2793.705
EPA00001043,09/08/2026 22:38,2026/08/12,emp_11252,WS-11252.corp.local,P3,Closed,2026-09-08 22:38:00,2026-08-12 00:00:00,-670.6333333333333
EPA00007856,2026-08-01 22:51:34,02/08/2026,EMP12380,LPT-12380,P3,Active,2026-08-01 22:51:34,2026-02-08 00:00:00,-4198.859444444444
EPA00003161,2026/08/02,31/07/2026 07:04,EMP 11067,WS-11067,Medium,OPEN,2026-08-02 00:00:00,2026-07-31 07:04:00,-40.93333333333333
EPA00000003,2026-08-30T17:54:18,04/09/2026 15:54,EMP 10068,VDR-10068,High,R,2026-08-30 17:54:18,2026-04-09 15:54:00,-3434.005
EPA00000850,21-Aug-2026 19:19:12,2026-08-21T02:19:12,EMP12177,,Minor,CLOSED,2026-08-21 19:19:12,2026-08-21 02:19:12,-17.0
EPA00002554,09/08/2026,2026-08-07 13:19:38,EMP10815,LPT-10815,CRITICAL,N,2026-09-08 00:00:00,2026-08-07 13:19:38,-754.6727777777778
EPA00003402,10/08/2026 10:47,14-Aug-2026 23:47:29,EMP12042,VDR-12042,Moderate,Unassigned,2026-10-08 10:47:00,2026-08-14 23:47:29,-1306.9919444444445
EPA00001390,08-17-2026 03:13:43 PM,17/08/2026 15:13,EMP11439,VDR-11439,P3,CLOSED,2026-08-17 15:13:43,2026-08-17 15:13:00,-0.011944444444444445
EPA00005430,09-03-2026 11:43:29 AM,01-Sep-2026 14:43:29,EMP10714,WS-10714,M,Closed,2026-09-03 11:43:29,2026-09-01 14:43:29,-45.0
EPA00000432,2026-08-14 07:34:15,2026/08/14,emp_12210,vdr-12210,Critical,Unassigned,2026-08-14 07:34:15,2026-08-14 00:00:00,-7.570833333333334
EPA00004112,2026/08/03,06/08/2026 23:36,emp11683,LPT-11683,LOW,O,2026-08-03 00:00:00,2026-06-08 23:36:00,-1320.4
EPA00003224,08-01-2026 07:35:26 AM,02/08/2026 17:35,emp_11261,,HIGH,In Progress,2026-08-01 07:35:26,2026-02-08 17:35:00,-4166.0072222222225
EPA00005658,29/08/2026,01/09/2026 05:52,emp10517,WS-10517,Low,CLOSED,2026-08-29 00:00:00,2026-01-09 05:52:00,-5562.133333333333
EPA00001751,08-01-2026 01:22:14 PM,05/08/2026 15:22,EMP 11438,LPT-11438,Moderate,OPEN,2026-08-01 13:22:14,2026-05-08 15:22:00,-2038.003888888889
EPA00000216,28/08/2026 14:35,02/09/2026 02:35,emp12450,VDR-12450,HIGH,Resolved,2026-08-28 14:35:00,2026-02-09 02:35:00,-4812.0
EPA00002323,08-10-2026 02:42:39 AM,08-08-2026 05:42:39 AM,EMP-11569,LPT-11569,P3,Active,2026-08-10 02:42:39,2026-08-08 05:42:39,-45.0
EPA00004461,2026-09-04 16:33:41,08/09/2026 15:33,EMP10068,vdr-10068,Minor,N,2026-09-04 16:33:41,2026-08-09 15:33:00,-625.0113888888889
EPA00001763,09-02-2026 04:57:43 PM,05/09/2026 16:57,EMP11429,VDR-11429,Medium,Not Malicious,2026-09-02 16:57:43,2026-05-09 16:57:00,-2784.0119444444445
EPA00004789,30-Aug-2026 08:21:38,29/08/2026,EMP-12559,WS-12559,Medium,Resolved,2026-08-30 08:21:38,2026-08-29 00:00:00,-32.36055555555556
EPA00006848,2026/09/02,06/09/2026,EMP11781,LPT-11781,P3,Active,2026-09-02 00:00:00,2026-06-09 00:00:00,-2040.0
EPA00005696,2026-08-04 01:23:39,05/08/2026 01:23,emp12966,VDR-12966,P3,Closed,2026-08-04 01:23:39,2026-05-08 01:23:00,-2112.0108333333333
EPA00002954,2026-08-13T09:48:31,2026-08-12 17:48:31,emp10762,VDR_10762,MEDIUM,CLOSED,2026-08-13 09:48:31,2026-08-12 17:48:31,-16.0
EPA00000041,11/08/2026 19:23,2026-08-14T09:23:48,emp_12788,WS-12788,Moderate,WIP,2026-11-08 19:23:00,2026-08-14 09:23:48,-2073.9866666666667
EPA00001408,22-Aug-2026 00:51:46,2026/08/22,EMP12564,VDR-12564,P4,OPEN,2026-08-22 00:51:46,2026-08-22 00:00:00,-0.8627777777777778
EPA00003157,08-30-2026 02:21:00 AM,01/09/2026 20:21,EMP-10942,,Major,FP,2026-08-30 02:21:00,2026-01-09 20:21:00,-5574.0
EPA00005006,08-11-2026 07:56:33 PM,2026-08-10 15:56:33,12468,WS-12468.corp.local,M,RESOLVED,2026-08-11 19:56:33,2026-08-10 15:56:33,-28.0
EPA00003984,2026-08-06 15:29:58,06/08/2026 16:29,11251,VDR-11251,Medium,Unassigned,2026-08-06 15:29:58,2026-06-08 16:29:00,-1415.016111111111
EPA00005208,08-Sep-2026 10:39:37,08/09/2026 21:39,10883,LPT-10883,P4,CLOSED,2026-09-08 10:39:37,2026-08-09 21:39:00,-709.0102777777778
EPA00007535,01-Aug-2026 02:26:13,05/08/2026 08:26,12503,lpt-12503,LOW,WIP,2026-08-01 02:26:13,2026-05-08 08:26:00,-2034.003611111111
EPA00000328,2026-09-01 09:44:57,04/09/2026 18:44,EMP11690,WS-11690,L,NEW,2026-09-01 09:44:57,2026-04-09 18:44:00,-3471.0158333333334
EPA00005887,29/08/2026 11:56,02/09/2026 01:56,12431,VDR-12431,P3,Active,2026-08-29 11:56:00,2026-02-09 01:56:00,-4834.0
EPA00003463,2026-08-31 18:44:55,03/09/2026,EMP-10071,VDR_10071,Minor,Closed,2026-08-31 18:44:55,2026-03-09 00:00:00,-4218.748611111111
EPA00007258,2026-09-01T09:34:33,04/09/2026 20:34,12263,LPT-12263,P2,In Progress,2026-09-01 09:34:33,2026-04-09 20:34:00,-3469.0091666666667
EPA00004896,09-05-2026 11:08:40 PM,08/09/2026 14:08,EMP-11935,VDR-11935,P3,FP,2026-09-05 23:08:40,2026-08-09 14:08:00,-657.0111111111111
EPA00000947,2026-08-31 18:41:37,03/09/2026,emp10034,WS-10034.corp.local,Moderate,R,2026-08-31 18:41:37,2026-03-09 00:00:00,-4218.693611111111
EPA00007789,2026-08-30 17:19:19,2026/08/30,EMP12606,WS-12606,P4,Open,2026-08-30 17:19:19,2026-08-30 00:00:00,-17.321944444444444
EPA00005603,08-06-2026 03:42:06 PM,2026/08/06,EMP12817,LPT-12817,MEDIUM,OPEN,2026-08-06 15:42:06,2026-08-06 00:00:00,-15.701666666666666
EPA00001760,2026-08-18 05:37:44,18/08/2026,EMP 10935,lpt-10935,Minor,Unassigned,2026-08-18 05:37:44,2026-08-18 00:00:00,-5.628888888888889
EPA00003433,20/08/2026 04:09,20/08/2026 03:09,EMP12858,LPT-12858,Major,In Progress,2026-08-20 04:09:00,2026-08-20 03:09:00,-1.0
EPA00006824,09-04-2026 05:12:03 PM,05/09/2026 22:12,EMP10344,WS-10344,M,IN_PROGRESS,2026-09-04 17:12:03,2026-05-09 22:12:00,-2827.0008333333335
EPA00000386,17-Aug-2026 17:23:26,2026-08-16T16:23:26,EMP11988,WS-11988,HIGH,Unassigned,2026-08-17 17:23:26,2026-08-16 16:23:26,-25.0
EPA00005033,2026-09-02T01:33:55,02/09/2026 05:33,EMP 10250,LPT-10250,P3,OPEN,2026-09-02 01:33:55,2026-02-09 05:33:00,-4916.015277777778
EPA00007406,09-03-2026 10:08:27 PM,07/09/2026 01:08,EMP12804,VDR-12804.corp.local,CRIT,OPEN,2026-09-03 22:08:27,2026-07-09 01:08:00,-1365.0075
EPA00003369,2026-09-09 10:42:30,2026/09/09,EMP10204,LPT-10204,Critical,New,2026-09-09 10:42:30,2026-09-09 00:00:00,-10.708333333333334
EPA00007205,2026-08-07 16:43:37,2026/08/07,EMP 10666,VDR-10666,Major,NEW,2026-08-07 16:43:37,2026-08-07 00:00:00,-16.726944444444445
EPA00005444,2026-09-02 15:40:01,07/09/2026,EMP10723,VDR-10723,Low,Investigating,2026-09-02 15:40:01,2026-07-09 00:00:00,-1335.6669444444444
EPA00004452,06-Sep-2026 12:13:58,07/09/2026,EMP10909,LPT-10909.corp.local,Major,N,2026-09-06 12:13:58,2026-07-09 00:00:00,-1428.2327777777778
EPA00003532,09-03-2026 09:58:08 PM,2026/09/03,EMP11069,WS_11069,Critical,WIP,2026-09-03 21:58:08,2026-09-03 00:00:00,-21.968888888888888
EPA00007632,12/08/2026 01:37,12-Aug-2026 05:37:28,11366,WS_11366,P3,Open,2026-12-08 01:37:00,2026-08-12 05:37:28,-2827.992222222222
EPA00000815,02-Sep-2026 03:35:37,02/09/2026,EMP12553,ws-12553,CRIT,Unassigned,2026-09-02 03:35:37,2026-02-09 00:00:00,-4923.593611111111
EPA00003229,12/08/2026 16:04,2026-08-12 18:04:22,EMP10027,ws-10027,L,OPEN,2026-12-08 16:04:00,2026-08-12 18:04:22,-2829.9938888888887
EPA00005374,08-04-2026 06:40:33 AM,04/08/2026 20:40,EMP10147,VDR-10147,P3,O,2026-08-04 06:40:33,2026-04-08 20:40:00,-2818.0091666666667
EPA00001998,01-Aug-2026 12:48:13,2026-07-30 12:48:13,12123,VDR-12123,Moderate,In Progress,2026-08-01 12:48:13,2026-07-30 12:48:13,-48.0
EPA00003598,30/08/2026,03/09/2026 14:45,EMP10436,WS-10436,High,WIP,2026-08-30 00:00:00,2026-03-09 14:45:00,-4161.25
EPA00002137,2026-08-27 05:05:02,01/09/2026 04:05,EMP10763,lpt-10763,M,R,2026-08-27 05:05:02,2026-01-09 04:05:00,-5521.000555555555
EPA00005948,24/08/2026 08:41,24/08/2026,EMP11752,VDR-11752.corp.local,Moderate,Unassigned,2026-08-24 08:41:00,2026-08-24 00:00:00,-8.683333333333334
EPA00002636,2026/08/04,06/08/2026 05:41,EMP10854,LPT-10854,Low,Closed,2026-08-04 00:00:00,2026-06-08 05:41:00,-1362.3166666666666
EPA00006399,2026-08-05 18:49:18,06/08/2026 02:49,EMP10753,LPT-10753,LOW,Closed,2026-08-05 18:49:18,2026-06-08 02:49:00,-1408.005
EPA00000321,2026-09-03 08:58:58,03/09/2026 20:58,10697,WS-10697,LOW,In Progress,2026-09-03 08:58:58,2026-03-09 20:58:00,-4260.016111111111
EPA00007266,10/08/2026 19:57,2026/08/15,EMP10068,VDR-10068,M,Closed,2026-10-08 19:57:00,2026-08-15 00:00:00,-1315.95
EPA00007431,08-31-2026 12:44:03 PM,02/09/2026 12:44,EMP12803,VDR-12803,CRIT,New,2026-08-31 12:44:03,2026-02-09 12:44:00,-4872.0008333333335
EPA00006980,11/08/2026,2026-08-11 21:15:57,emp_11241,WS-11241,P2,New,2026-11-08 00:00:00,2026-08-11 21:15:57,-2114.7341666666666
EPA00002763,08-31-2026 12:51:40 AM,04/09/2026,EMP12685,LPT-12685,H,Not Malicious,2026-08-31 00:51:40,2026-04-09 00:00:00,-3456.8611111111113
EPA00002552,12/08/2026,08-16-2026 04:59:50 AM,emp11890,LPT-11890,Major,False Positive,2026-12-08 00:00:00,2026-08-16 04:59:50,-2731.0027777777777
EPA00003813,2026-08-29T11:29:27,08-29-2026 02:29:27 AM,EMP12268,LPT-12268,H,Investigating,2026-08-29 11:29:27,2026-08-29 02:29:27,-9.0
EPA00000233,28/08/2026,02/09/2026 01:25,emp_10498,vdr-10498,P4,New,2026-08-28 00:00:00,2026-02-09 01:25:00,-4798.583333333333
EPA00006507,03-Sep-2026 15:59:14,06/09/2026 14:59,emp10094,LPT_10094,Major,New,2026-09-03 15:59:14,2026-06-09 14:59:00,-2065.003888888889
EPA00004570,14-Aug-2026 16:04:57,2026/08/13,emp10118,VDR-10118,MEDIUM,RESOLVED,2026-08-14 16:04:57,2026-08-13 00:00:00,-40.0825
EPA00002056,08-29-2026 07:27:19 PM,02/09/2026 02:27,EMP-11640,,H,R,2026-08-29 19:27:19,2026-02-09 02:27:00,-4841.005277777777
EPA00004157,12/08/2026,08-17-2026 03:00:06 AM,EMP10270,VDR-10270,L,Closed,2026-12-08 00:00:00,2026-08-17 03:00:06,-2708.9983333333334
EPA00000667,2026-09-01 01:07:13,04/09/2026 08:07,emp_11807,LPT-11807,LOW,Active,2026-09-01 01:07:13,2026-04-09 08:07:00,-3473.0036111111112
EPA00003032,2026-08-05T03:01:45,06/08/2026,EMP-12950,WS_12950,Severe,Not Malicious,2026-08-05 03:01:45,2026-06-08 00:00:00,-1395.0291666666667
EPA00005450,08-28-2026 09:05:55 PM,02/09/2026 20:05,EMP10870,WS-10870,MEDIUM,N,2026-08-28 21:05:55,2026-02-09 20:05:00,-4801.015277777778
EPA00007003,2026-08-25 08:50:30,2026-08-23 12:50:30,EMP12674,WS-12674,Medium,R,2026-08-25 08:50:30,2026-08-23 12:50:30,-44.0
EPA00004531,2026/08/03,03/08/2026,EMP11025,LPT-11025,Moderate,O,2026-08-03 00:00:00,2026-03-08 00:00:00,-3552.0
EPA00003982,2026-09-06 12:33:39,07/09/2026,EMP12602,VDR-12602,LOW,R,2026-09-06 12:33:39,2026-07-09 00:00:00,-1428.5608333333332
EPA00001985,2026-08-17T06:31:05,16-Aug-2026 23:31:05,EMP12238,VDR-12238,P2,Active,2026-08-17 06:31:05,2026-08-16 23:31:05,-7.0
EPA00000771,01-Sep-2026 21:42:15,03/09/2026,11056,VDR-11056,LOW,NEW,2026-09-01 21:42:15,2026-03-09 00:00:00,-4245.704166666666
EPA00001575,09/08/2026 16:16,13-Aug-2026 01:16:28,EMP11175,LPT-11175,P1,OPEN,2026-09-08 16:16:00,2026-08-13 01:16:28,-638.9922222222223
EPA00004572,13-Aug-2026 06:58:54,2026-08-11T22:58:54,EMP-12180,VDR-12180,H,NEW,2026-08-13 06:58:54,2026-08-11 22:58:54,-32.0
EPA00002153,2026-08-06T00:03:54,2026-08-05 08:03:54,EMP 10414,LPT-10414,MEDIUM,FALSE_POSITIVE,2026-08-06 00:03:54,2026-08-05 08:03:54,-16.0
EPA00002194,08-20-2026 05:23:40 AM,18/08/2026,EMP10482,VDR-10482,Moderate,O,2026-08-20 05:23:40,2026-08-18 00:00:00,-53.394444444444446
EPA00007609,05-Sep-2026 12:18:44,08/09/2026 04:18,emp11934,vdr-11934,P2,Not Malicious,2026-09-05 12:18:44,2026-08-09 04:18:00,-656.0122222222222
EPA00001582,08-03-2026 02:27:53 AM,05/08/2026,EMP11115,LPT-11115,Low,R,2026-08-03 02:27:53,2026-05-08 00:00:00,-2090.464722222222
EPA00004137,2026-08-28 22:41:55,02/09/2026,EMP10368,WS-10368,LOW,N,2026-08-28 22:41:55,2026-02-09 00:00:00,-4822.698611111111
EPA00003020,12/08/2026,2026-08-15 14:30:26,EMP-11225,vdr-11225,CRIT,N,2026-12-08 00:00:00,2026-08-15 14:30:26,-2745.492777777778
EPA00003638,08-05-2026 12:03:34 AM,07/08/2026,EMP-11679,LPT-11679,Major,IN_PROGRESS,2026-08-05 00:03:34,2026-07-08 00:00:00,-672.0594444444445
EPA00005646,12/08/2026,13/08/2026 20:35,emp10314,VDR-10314,Severe,O,2026-12-08 00:00:00,2026-08-13 20:35:00,-2787.4166666666665
EPA00003513,2026-08-06T03:08:32,06/08/2026,EMP10651,LPT-10651,Minor,O,2026-08-06 03:08:32,2026-06-08 00:00:00,-1419.1422222222222
EPA00001251,2026-08-05T18:53:53,06/08/2026,EMP12051,WS-12051,Medium,WIP,2026-08-05 18:53:53,2026-06-08 00:00:00,-1410.8980555555556
EPA00003073,2026-08-02 22:53:06,08-01-2026 04:53:06 PM,EMP10779,LPT_10779,High,Unassigned,2026-08-02 22:53:06,2026-08-01 16:53:06,-30.0
EPA00000895,13-Aug-2026 08:25:49,13/08/2026,EMP11441,ws-11441,L,WIP,2026-08-13 08:25:49,2026-08-13 00:00:00,-8.430277777777778
EPA00004925,28/08/2026 16:04,2026/08/27,10219,WS-10219,P3,O,2026-08-28 16:04:00,2026-08-27 00:00:00,-40.06666666666667
EPA00007643,12/08/2026 02:52,13-Aug-2026 16:52:38,EMP12007,LPT-12007,P4,O,2026-12-08 02:52:00,2026-08-13 16:52:38,-2793.9894444444444
EPA00004187,2026-08-04T00:30:46,08-02-2026 05:30:46 AM,EMP12333,,P4,OPEN,2026-08-04 00:30:46,2026-08-02 05:30:46,-43.0
EPA00005542,08-08-2026 09:49:50 AM,08-07-2026 01:49:50 PM,EMP 11583,vdr-11583,MEDIUM,IN_PROGRESS,2026-08-08 09:49:50,2026-08-07 13:49:50,-20.0
EPA00003223,2026-09-02 09:42:55,03/09/2026 14:42,EMP11125,LPT-11125.corp.local,Medium,N,2026-09-02 09:42:55,2026-03-09 14:42:00,-4243.015277777778
EPA00002083,08-10-2026 05:49:13 AM,08-Aug-2026 12:49:13,emp12352,VDR-12352,Severe,IN_PROGRESS,2026-08-10 05:49:13,2026-08-08 12:49:13,-41.0
EPA00004453,09-05-2026 01:45:54 PM,06/09/2026,EMP12844,vdr-12844,L,WIP,2026-09-05 13:45:54,2026-06-09 00:00:00,-2125.765
EPA00002745,2026-08-30 21:20:34,04/09/2026,EMP 11294,LPT-11294,L,In Progress,2026-08-30 21:20:34,2026-04-09 00:00:00,-3453.342777777778
EPA00004778,09-04-2026 05:15:31 AM,08/09/2026 09:15,emp10117,WS-10117,H,N,2026-09-04 05:15:31,2026-08-09 09:15:00,-620.0086111111111
EPA00001149,11/08/2026 14:16,08-14-2026 08:16:50 PM,EMP11005,LPT-11005,High,New,2026-11-08 14:16:00,2026-08-14 20:16:50,-2057.9861111111113
EPA00002807,08-03-2026 03:44:39 AM,2026-08-02 13:44:39,EMP12282,VDR-12282,High,Not Malicious,2026-08-03 03:44:39,2026-08-02 13:44:39,-14.0
EPA00007344,08-05-2026 08:44:23 PM,07/08/2026 11:44,EMP10599,vdr-10599,H,OPEN,2026-08-05 20:44:23,2026-07-08 11:44:00,-681.0063888888889
EPA00003176,2026-08-04T23:10:53,05/08/2026 21:10,EMP12035,WS-12035,P3,New,2026-08-04 23:10:53,2026-05-08 21:10:00,-2114.014722222222
EPA00004722,08-02-2026 02:43:00 PM,06/08/2026 17:43,EMP11301,,P3,Active,2026-08-02 14:43:00,2026-06-08 17:43:00,-1317.0
EPA00000128,2026/08/05,08-04-2026 06:25:41 AM,EMP11577,LPT-11577,L,WIP,2026-08-05 00:00:00,2026-08-04 06:25:41,-17.571944444444444
EPA00005089,09/08/2026 00:11,2026-08-12 12:11:29,EMP12470,LPT-12470,High,Not Malicious,2026-09-08 00:11:00,2026-08-12 12:11:29,-635.9919444444445
EPA00004277,2026-08-21 03:32:49,2026/08/21,EMP11995,LPT-11995,M,WIP,2026-08-21 03:32:49,2026-08-21 00:00:00,-3.5469444444444442
EPA00003121,2026-08-03T04:35:24,05/08/2026 16:35,EMP10208,VDR-10208,Medium,In Progress,2026-08-03 04:35:24,2026-05-08 16:35:00,-2076.0066666666667
EPA00004566,2026-08-27 10:28:02,2026/08/27,EMP10315,VDR-10315,High,NEW,2026-08-27 10:28:02,2026-08-27 00:00:00,-10.467222222222222
EPA00007973,12/08/2026,13/08/2026 10:36,EMP-10911,WS-10911,P4,WIP,2026-12-08 00:00:00,2026-08-13 10:36:00,-2797.4
EPA00001219,14/08/2026 12:19,2026-08-13T03:19:33,12105,LPT-12105,P4,CLOSED,2026-08-14 12:19:00,2026-08-13 03:19:33,-32.990833333333335
EPA00006596,2026-08-04 16:51:46,07/08/2026 17:51,EMP10022,VDR-10022,M,O,2026-08-04 16:51:46,2026-07-08 17:51:00,-647.0127777777777
EPA00003184,2026-09-01 09:54:21,05/09/2026,EMP 11444,ws-11444,Minor,N,2026-09-01 09:54:21,2026-05-09 00:00:00,-2769.9058333333332
EPA00000254,2026-09-04 02:32:58,07/09/2026 02:32,emp_11419,VDR-11419,L,O,2026-09-04 02:32:58,2026-07-09 02:32:00,-1368.016111111111
EPA00006960,08-04-2026 09:02:34 PM,05/08/2026 12:02,emp_11724,WS-11724,LOW,IN_PROGRESS,2026-08-04 21:02:34,2026-05-08 12:02:00,-2121.0094444444444
EPA00005424,02-Aug-2026 21:35:10,01-Aug-2026 04:35:10,emp10843,VDR-10843,P1,Active,2026-08-02 21:35:10,2026-08-01 04:35:10,-41.0
EPA00004977,11/08/2026,08-16-2026 05:05:19 AM,emp_10077,vdr-10077,H,Closed,2026-11-08 00:00:00,2026-08-16 05:05:19,-2010.911388888889
EPA00001803,09/08/2026 17:11,2026-08-13T09:11:32,EMP-11410,WS-11410,Severe,WIP,2026-09-08 17:11:00,2026-08-13 09:11:32,-631.9911111111111
EPA00003220,2026-09-03 20:27:27,06/09/2026,emp_10083,LPT-10083.corp.local,Moderate,RESOLVED,2026-09-03 20:27:27,2026-06-09 00:00:00,-2084.4575
EPA00003398,08-02-2026 09:49:42 AM,06/08/2026 02:49,EMP10029,VDR-10029,CRIT,N,2026-08-02 09:49:42,2026-06-08 02:49:00,-1327.0116666666668
EPA00006288,10/08/2026,08-12-2026 07:29:25 AM,EMP-10977,VDR-10977,HIGH,Active,2026-10-08 00:00:00,2026-08-12 07:29:25,-1360.5097222222223
EPA00000855,09/08/2026 17:11,14-Aug-2026 14:11:23,EMP11269,WS-11269,P3,Closed,2026-09-08 17:11:00,2026-08-14 14:11:23,-602.9936111111111
EPA00003000,2026-08-01T09:55:33,04/08/2026 17:55,EMP-10635,ws-10635,H,Not Malicious,2026-08-01 09:55:33,2026-04-08 17:55:00,-2752.0091666666667
EPA00004660,10/08/2026,13/08/2026,EMP12225,VDR-12225,HIGH,N,2026-10-08 00:00:00,2026-08-13 00:00:00,-1344.0
EPA00004030,2026/08/30,02/09/2026 07:12,EMP12792,LPT-12792,L,R,2026-08-30 00:00:00,2026-02-09 07:12:00,-4840.8
EPA00004892,10/08/2026 16:39,2026-08-12 07:39:58,10691,LPT-10691,P3,Not Malicious,2026-10-08 16:39:00,2026-08-12 07:39:58,-1376.983888888889
EPA00001598,01-Aug-2026 21:00:53,06/08/2026 00:00,EMP-10206,VDR_10206,P3,CLOSED,2026-08-01 21:00:53,2026-06-08 00:00:00,-1317.0147222222222
EPA00003158,09-04-2026 01:41:43 AM,06/09/2026 02:41,emp_10653,LPT-10653,HIGH,N,2026-09-04 01:41:43,2026-06-09 02:41:00,-2087.0119444444445
EPA00006375,08-01-2026 03:57:55 AM,02/08/2026,EMP11851,WS-11851,Medium,NEW,2026-08-01 03:57:55,2026-02-08 00:00:00,-4179.965277777777
EPA00007386,2026-09-03 08:07:23,04/09/2026,EMP12242,WS-12242,P3,R,2026-09-03 08:07:23,2026-04-09 00:00:00,-3536.1230555555558
EPA00001571,2026-08-31 15:33:54,02/09/2026 07:33,EMP10719,LPT-10719,P2,OPEN,2026-08-31 15:33:54,2026-02-09 07:33:00,-4880.015
EPA00000493,2026-08-01T06:19:33,04/08/2026 18:19,EMP11062,LPT-11062,Medium,R,2026-08-01 06:19:33,2026-04-08 18:19:00,-2748.0091666666667
EPA00000380,12/08/2026 05:11,16/08/2026,EMP11991,VDR-11991,Low,False Positive,2026-12-08 05:11:00,2026-08-16 00:00:00,-2741.1833333333334
EPA00004888,12/08/2026,15/08/2026,EMP10613,vdr-10613,LOW,New,2026-12-08 00:00:00,2026-08-15 00:00:00,-2760.0
EPA00000879,2026-08-01T01:07:10,30/07/2026,EMP10629,WS-10629,Major,Closed,2026-08-01 01:07:10,2026-07-30 00:00:00,-49.11944444444445
EPA00001982,2026/09/07,05-Sep-2026 08:48:48,EMP12030,VDR-12030,CRIT,FP,2026-09-07 00:00:00,2026-09-05 08:48:48,-39.18666666666667
EPA00002434,28-Aug-2026 10:09:09,01/09/2026 23:09,10003,LPT-10003.corp.local,Moderate,Closed,2026-08-28 10:09:09,2026-01-09 23:09:00,-5531.0025
EPA00001686,2026/08/16,2026-08-15T20:50:55,EMP12732,VDR-12732,Critical,Closed,2026-08-16 00:00:00,2026-08-15 20:50:55,-3.151388888888889
