dataset,column,raw_value
FIREWALL,timestamp,1786786131
FIREWALL,timestamp,1786331511
FIREWALL,timestamp,1787068639
FIREWALL,timestamp,1787041736
FIREWALL,timestamp,1785583056
FIREWALL,timestamp,1786132508
FIREWALL,timestamp,1788732698
FIREWALL,timestamp,1787798400
FIREWALL,timestamp,1788195326
FIREWALL,timestamp,1788287952
FIREWALL,timestamp,1787942805
FIREWALL,timestamp,1785734985
FIREWALL,timestamp,1785725291
FIREWALL,timestamp,1788180614
FIREWALL,timestamp,1788589997
FIREWALL,timestamp,1788486540
FIREWALL,timestamp,1785960340
FIREWALL,timestamp,1786563871
FIREWALL,timestamp,1788847774
FIREWALL,timestamp,1788409828
FIREWALL,timestamp,1787532213
FIREWALL,timestamp,1786436809
FIREWALL,timestamp,1786839751
FIREWALL,timestamp,1788877984
FIREWALL,timestamp,1786448551
FIREWALL,timestamp,1786360617
FIREWALL,timestamp,1787448096
FIREWALL,timestamp,1786325670
FIREWALL,timestamp,1786128739
FIREWALL,timestamp,1786221451
FIREWALL,timestamp,1787160137
FIREWALL,timestamp,1788138559
FIREWALL,timestamp,1786194019
FIREWALL,timestamp,1785688698
FIREWALL,timestamp,1785816715
FIREWALL,timestamp,1785748468
FIREWALL,timestamp,1786229949
FIREWALL,timestamp,1785941340
FIREWALL,timestamp,1788204870
FIREWALL,timestamp,1787575652
FIREWALL,timestamp,1788431240
FIREWALL,timestamp,1785699745
FIREWALL,timestamp,1786422528
FIREWALL,timestamp,1785731452
FIREWALL,timestamp,1785938622
FIREWALL,timestamp,1787816571
FIREWALL,timestamp,1787700106
FIREWALL,timestamp,1786025580
FIREWALL,timestamp,1787771458
FIREWALL,timestamp,1788055235
FIREWALL,timestamp,1788626965
FIREWALL,timestamp,1787728606
FIREWALL,timestamp,1787020777
FIREWALL,timestamp,1786366432
FIREWALL,timestamp,1786591400
FIREWALL,timestamp,1787111897
FIREWALL,timestamp,1787657544
FIREWALL,timestamp,1787830789
FIREWALL,timestamp,1785812321
FIREWALL,timestamp,1787209087
FIREWALL,timestamp,1788557418
FIREWALL,timestamp,1786843143
FIREWALL,timestamp,1786893320
FIREWALL,timestamp,1786047182
FIREWALL,timestamp,1788163812
FIREWALL,timestamp,1788107475
FIREWALL,timestamp,1786792013
FIREWALL,timestamp,1785569887
FIREWALL,timestamp,1788747610
FIREWALL,timestamp,1787528090
FIREWALL,timestamp,1785638516
FIREWALL,timestamp,1787250956
FIREWALL,timestamp,1788596261
FIREWALL,timestamp,1785759945
FIREWALL,timestamp,1787682574
FIREWALL,timestamp,1787417255
FIREWALL,timestamp,1786834686
FIREWALL,timestamp,1787877386
FIREWALL,timestamp,1788909734
FIREWALL,timestamp,1786290294
FIREWALL,timestamp,1788519210
FIREWALL,timestamp,1788869320
FIREWALL,timestamp,1787701356
FIREWALL,timestamp,1785723272
FIREWALL,timestamp,1788887243
FIREWALL,timestamp,1788634385
FIREWALL,timestamp,1786811143
FIREWALL,timestamp,1788109371
FIREWALL,timestamp,1788314334
FIREWALL,timestamp,1785554666
FIREWALL,timestamp,1788366625
FIREWALL,timestamp,1785613580
FIREWALL,timestamp,1785598978
FIREWALL,timestamp,1787002873
FIREWALL,timestamp,1787399127
FIREWALL,timestamp,1786244500
FIREWALL,timestamp,1788278578
FIREWALL,timestamp,1786659235
FIREWALL,timestamp,1787978979
FIREWALL,timestamp,1786795220
IAM,timestamp,1787085290
IAM,timestamp,
IAM,timestamp,1786980434
IAM,timestamp,1788416645
IAM,timestamp,1786077220
IAM,timestamp,1788266104
IAM,timestamp,1788400044
IAM,timestamp,1787068406
IAM,timestamp,1785601093
IAM,timestamp,1787674423
IAM,timestamp,1786446111
IAM,timestamp,1787444136
IAM,timestamp,1788280534
IAM,timestamp,1785843401
IAM,timestamp,1788750815
IAM,timestamp,1786216172
IAM,timestamp,1786584494
IAM,timestamp,1785634833
IAM,timestamp,1786183131
IAM,timestamp,1785699974
IAM,timestamp,1785626701
IAM,timestamp,1787715016
IAM,timestamp,1786935614
IAM,timestamp,1788803985
IAM,timestamp,1785617033
IAM,timestamp,1787820537
IAM,timestamp,1787138634
IAM,timestamp,1786418573
IAM,timestamp,1785741606
IAM,timestamp,1787001533
IAM,timestamp,1788639301
IAM,timestamp,1787145023
IAM,timestamp,1788224242
IAM,timestamp,1787198008
IAM,timestamp,1787832373
IAM,timestamp,1786934622
IAM,timestamp,1786775797
IAM,timestamp,1787214315
IAM,timestamp,1787762206
IAM,timestamp,1786720201
IAM,timestamp,1788721048
IAM,timestamp,1787610145
IAM,timestamp,1787576987
IAM,timestamp,1785933912
IAM,timestamp,1788582045
IAM,timestamp,1788687280
IAM,timestamp,1788904252
IAM,timestamp,1785670721
IAM,timestamp,1786885183
IAM,timestamp,1786572236
IAM,timestamp,1787058252
IAM,timestamp,1785871998
IAM,timestamp,1787039426
IAM,timestamp,1788479319
IAM,timestamp,1786662866
IAM,timestamp,1786142090
IAM,timestamp,1786741130
IAM,timestamp,1785726228
IAM,timestamp,1787289055
IAM,timestamp,1786105425
IAM,timestamp,1786777621
IAM,timestamp,1788897434
IAM,timestamp,1786007808
IAM,timestamp,1786991921
IAM,timestamp,1786437177
IAM,timestamp,1786387427
IAM,timestamp,1788434860
IAM,timestamp,1788554451
IAM,timestamp,1786212197
IAM,timestamp,1785716060
IAM,timestamp,1785598615
IAM,timestamp,1787681662
IAM,timestamp,1786421507
IAM,timestamp,1786481970
IAM,timestamp,1785750898
IAM,timestamp,1787137465
IAM,timestamp,1788481060
IAM,timestamp,1785687068
IAM,timestamp,1788168794
IAM,timestamp,1787954868
IAM,timestamp,1787666889
IAM,timestamp,1788923722
IAM,timestamp,1788428251
IAM,timestamp,1788147614
IAM,timestamp,1788428834
IAM,timestamp,1787426722
IAM,timestamp,1787609965
IAM,timestamp,1788787342
IAM,timestamp,1787592338
IAM,timestamp,1785804667
IAM,timestamp,1788153398
IAM,timestamp,1788616798
IAM,timestamp,1788508067
IAM,timestamp,1788511344
IAM,timestamp,1786477771
IAM,timestamp,1786144201
IAM,timestamp,1786044479
IAM,timestamp,1787726486
IAM,timestamp,1786849606
IAM,timestamp,1788536567
ENDPOINT,detected_timestamp,1786065442
ENDPOINT,detected_timestamp,1788630794
ENDPOINT,detected_timestamp,1787819664
ENDPOINT,detected_timestamp,1786435581
ENDPOINT,detected_timestamp,1787403725
ENDPOINT,detected_timestamp,1786389635
ENDPOINT,detected_timestamp,1788080935
ENDPOINT,detected_timestamp,1788604949
ENDPOINT,detected_timestamp,1786245375
ENDPOINT,detected_timestamp,1786293440
ENDPOINT,detected_timestamp,1787951774
ENDPOINT,detected_timestamp,1785815528
ENDPOINT,detected_timestamp,1785614703
ENDPOINT,detected_timestamp,1787630199
ENDPOINT,detected_timestamp,1786226774
ENDPOINT,detected_timestamp,1785609510
ENDPOINT,detected_timestamp,1786784113
ENDPOINT,detected_timestamp,1786301929
ENDPOINT,detected_timestamp,1788777520
ENDPOINT,detected_timestamp,1786005721
ENDPOINT,detected_timestamp,1786350470
ENDPOINT,detected_timestamp,1787063010
ENDPOINT,detected_timestamp,1785861238
ENDPOINT,detected_timestamp,1788494641
ENDPOINT,detected_timestamp,1786909046
ENDPOINT,detected_timestamp,1786261590
ENDPOINT,detected_timestamp,1788616137
ENDPOINT,detected_timestamp,1786268612
ENDPOINT,detected_timestamp,1788426430
ENDPOINT,detected_timestamp,1788588417
ENDPOINT,detected_timestamp,1788637592
ENDPOINT,detected_timestamp,1788447034
ENDPOINT,detected_timestamp,1786011823
ENDPOINT,detected_timestamp,1787673601
ENDPOINT,detected_timestamp,1786924551
ENDPOINT,detected_timestamp,1787948007
ENDPOINT,detected_timestamp,1786992843
ENDPOINT,detected_timestamp,1787971686
ENDPOINT,detected_timestamp,1788054973
ENDPOINT,detected_timestamp,1787783279
ENDPOINT,detected_timestamp,1787298383
ENDPOINT,detected_timestamp,1787078340
ENDPOINT,detected_timestamp,1787213934
ENDPOINT,detected_timestamp,1788981560
ENDPOINT,detected_timestamp,1786266289
ENDPOINT,detected_timestamp,1785580349
ENDPOINT,detected_timestamp,1787396363
ENDPOINT,detected_timestamp,1787547763
ENDPOINT,detected_timestamp,1787061262
ENDPOINT,detected_timestamp,1785563428
ENDPOINT,detected_timestamp,1787903141
ENDPOINT,detected_timestamp,1787974524
ENDPOINT,detected_timestamp,1787222119
ENDPOINT,detected_timestamp,1787056431
ENDPOINT,detected_timestamp,1785909425
ENDPOINT,detected_timestamp,1788556817
ENDPOINT,detected_timestamp,1787802532
ENDPOINT,detected_timestamp,1786827547
ENDPOINT,detected_timestamp,1788050538
ENDPOINT,detected_timestamp,1785543805
ENDPOINT,detected_timestamp,1787869919
ENDPOINT,detected_timestamp,1786357824
ENDPOINT,detected_timestamp,1788924138
ENDPOINT,detected_timestamp,1788471607
ENDPOINT,detected_timestamp,1786802500
ENDPOINT,detected_timestamp,1788496932
ENDPOINT,detected_timestamp,1786913600
ENDPOINT,detected_timestamp,1787833723
ENDPOINT,detected_timestamp,1785708393
ENDPOINT,detected_timestamp,1785897821
ENDPOINT,detected_timestamp,1786790497
ENDPOINT,detected_timestamp,1787984393
ENDPOINT,detected_timestamp,1787424785
ENDPOINT,detected_timestamp,1787882119
ENDPOINT,detected_timestamp,1785806230
ENDPOINT,detected_timestamp,1786619066
ENDPOINT,detected_timestamp,1787282888
ENDPOINT,detected_timestamp,1788387282
ENDPOINT,detected_timestamp,1787997050
ENDPOINT,detected_timestamp,1786976939
ENDPOINT,detected_timestamp,1787070283
ENDPOINT,detected_timestamp,1787134155
ENDPOINT,detected_timestamp,1786819350
ENDPOINT,detected_timestamp,1786717494
ENDPOINT,detected_timestamp,1788571398
ENDPOINT,detected_timestamp,1786073668
ENDPOINT,detected_timestamp,1785922604
ENDPOINT,detected_timestamp,1787537246
ENDPOINT,detected_timestamp,1787410136
ENDPOINT,detected_timestamp,1788034549
ENDPOINT,detected_timestamp,1785775748
ENDPOINT,detected_timestamp,1787059914
ENDPOINT,detected_timestamp,1788267358
ENDPOINT,detected_timestamp,1786524947
ENDPOINT,detected_timestamp,1785935550
ENDPOINT,detected_timestamp,1788626207
ENDPOINT,detected_timestamp,1786229594
ENDPOINT,detected_timestamp,1787650186
ENDPOINT,detected_timestamp,1787277292
ENDPOINT,detected_timestamp,1785863293
ENDPOINT,resolved_timestamp,1788183129
ENDPOINT,resolved_timestamp,1788261290
ENDPOINT,resolved_timestamp,1788318129
ENDPOINT,resolved_timestamp,1786376169
ENDPOINT,resolved_timestamp,1788372305
ENDPOINT,resolved_timestamp,1788020389
ENDPOINT,resolved_timestamp,1786775382
ENDPOINT,resolved_timestamp,1787101615
ENDPOINT,resolved_timestamp,1786096446
ENDPOINT,resolved_timestamp,1786148660
ENDPOINT,resolved_timestamp,1787479968
ENDPOINT,resolved_timestamp,1788405494
ENDPOINT,resolved_timestamp,1786528855
ENDPOINT,resolved_timestamp,1787342773
ENDPOINT,resolved_timestamp,1787228359
ENDPOINT,resolved_timestamp,1787897309
ENDPOINT,resolved_timestamp,1786784113
ENDPOINT,resolved_timestamp,1787687104
ENDPOINT,resolved_timestamp,1787453889
ENDPOINT,resolved_timestamp,1787980313
ENDPOINT,resolved_timestamp,1787121017
ENDPOINT,resolved_timestamp,1787735467
ENDPOINT,resolved_timestamp,1787391664
ENDPOINT,resolved_timestamp,1788484740
ENDPOINT,resolved_timestamp,1788234249
ENDPOINT,resolved_timestamp,1788913212
ENDPOINT,resolved_timestamp,1788720661
ENDPOINT,resolved_timestamp,1787873901
ENDPOINT,resolved_timestamp,1788638833
ENDPOINT,resolved_timestamp,1786240512
ENDPOINT,resolved_timestamp,1788774888
ENDPOINT,resolved_timestamp,1787470378
ENDPOINT,resolved_timestamp,1787150118
ENDPOINT,resolved_timestamp,1787450182
ENDPOINT,resolved_timestamp,1788944547
ENDPOINT,resolved_timestamp,1786783130
ENDPOINT,resolved_timestamp,1786447641
ENDPOINT,resolved_timestamp,1785799671
ENDPOINT,resolved_timestamp,1788175989
ENDPOINT,resolved_timestamp,1787377397
ENDPOINT,resolved_timestamp,1786845226
ENDPOINT,resolved_timestamp,1788328042
ENDPOINT,resolved_timestamp,1788200591
ENDPOINT,resolved_timestamp,1785522122
ENDPOINT,resolved_timestamp,1787656160
ENDPOINT,resolved_timestamp,1787701215
ENDPOINT,resolved_timestamp,1788886599
ENDPOINT,resolved_timestamp,1788262524
ENDPOINT,resolved_timestamp,1786759642
ENDPOINT,resolved_timestamp,1787164893
ENDPOINT,resolved_timestamp,1786375094
ENDPOINT,resolved_timestamp,1786159020
ENDPOINT,resolved_timestamp,1787793973
ENDPOINT,resolved_timestamp,1788689625
ENDPOINT,resolved_timestamp,1787765413
ENDPOINT,resolved_timestamp,1786070487
ENDPOINT,resolved_timestamp,1788970429
ENDPOINT,resolved_timestamp,1785824815
ENDPOINT,resolved_timestamp,1785802416
ENDPOINT,resolved_timestamp,1788519820
ENDPOINT,resolved_timestamp,1786829482
ENDPOINT,resolved_timestamp,1786289860
ENDPOINT,resolved_timestamp,1786798353
ENDPOINT,resolved_timestamp,1787288760
ENDPOINT,resolved_timestamp,1786498622
ENDPOINT,resolved_timestamp,1789336993
ENDPOINT,resolved_timestamp,1788720249
ENDPOINT,resolved_timestamp,1789248916
ENDPOINT,resolved_timestamp,1787176357
ENDPOINT,resolved_timestamp,1788429496
ENDPOINT,resolved_timestamp,1786227320
ENDPOINT,resolved_timestamp,1787910552
ENDPOINT,resolved_timestamp,1788324958
ENDPOINT,resolved_timestamp,1789220309
ENDPOINT,resolved_timestamp,1788938551
ENDPOINT,resolved_timestamp,1788803818
ENDPOINT,resolved_timestamp,1786109302
ENDPOINT,resolved_timestamp,1787756876
ENDPOINT,resolved_timestamp,1788020422
ENDPOINT,resolved_timestamp,1788188236
ENDPOINT,resolved_timestamp,1787303734
ENDPOINT,resolved_timestamp,1786945259
ENDPOINT,resolved_timestamp,1789101800
ENDPOINT,resolved_timestamp,1787257168
ENDPOINT,resolved_timestamp,1786988636
ENDPOINT,resolved_timestamp,1787565229
ENDPOINT,resolved_timestamp,1786112711
ENDPOINT,resolved_timestamp,1786322535
ENDPOINT,resolved_timestamp,1787137552
ENDPOINT,resolved_timestamp,1786431991
ENDPOINT,resolved_timestamp,1788341655
ENDPOINT,resolved_timestamp,1788840264
ENDPOINT,resolved_timestamp,1789343074
ENDPOINT,resolved_timestamp,1787541697
ENDPOINT,resolved_timestamp,1788351045
ENDPOINT,resolved_timestamp,1786982421
ENDPOINT,resolved_timestamp,1786550593
ENDPOINT,resolved_timestamp,1786824108
ENDPOINT,resolved_timestamp,1788093170
ENDPOINT,resolved_timestamp,1785993384
IDENTITY,hire_date,1736578363
IDENTITY,hire_date,1656531399
IDENTITY,hire_date,1696359494
IDENTITY,hire_date,1627829463
IDENTITY,hire_date,1607889949
IDENTITY,hire_date,1583427464
IDENTITY,hire_date,1723625754
IDENTITY,hire_date,1606766568
IDENTITY,hire_date,1643561219
IDENTITY,hire_date,1703920906
IDENTITY,hire_date,1617618864
IDENTITY,hire_date,1738250389
IDENTITY,hire_date,1668236297
IDENTITY,hire_date,1699171081
IDENTITY,hire_date,1595443478
IDENTITY,hire_date,1678300866
IDENTITY,hire_date,1759966567
IDENTITY,hire_date,1666950022
IDENTITY,hire_date,1600603977
IDENTITY,hire_date,1747998273
IDENTITY,hire_date,1703268621
IDENTITY,hire_date,1730249411
IDENTITY,hire_date,1595851362
IDENTITY,hire_date,1772923502
IDENTITY,hire_date,1718838224
IDENTITY,hire_date,1761058921
IDENTITY,hire_date,1781893768
IDENTITY,hire_date,1677483290
IDENTITY,hire_date,1609453523
IDENTITY,hire_date,1640496024
IDENTITY,hire_date,1673870309
IDENTITY,hire_date,1712762875
IDENTITY,hire_date,1618122166
IDENTITY,hire_date,1623401097
IDENTITY,hire_date,1660153360
IDENTITY,hire_date,1771260741
IDENTITY,hire_date,1745864704
IDENTITY,hire_date,1661757190
IDENTITY,hire_date,1596522365
IDENTITY,hire_date,1752836459
IDENTITY,hire_date,1660219368
IDENTITY,hire_date,1722565823
IDENTITY,hire_date,1660918045
IDENTITY,hire_date,1757144550
IDENTITY,hire_date,1724306001
IDENTITY,hire_date,1736329122
IDENTITY,hire_date,1671151472
IDENTITY,hire_date,1578232125
IDENTITY,hire_date,1638929018
IDENTITY,hire_date,1720823161
IDENTITY,hire_date,1719876367
IDENTITY,hire_date,1727661797
IDENTITY,hire_date,1696536132
IDENTITY,hire_date,1654103729
IDENTITY,hire_date,1666035452
IDENTITY,hire_date,1713514284
IDENTITY,hire_date,1667652211
IDENTITY,hire_date,1725604884
IDENTITY,hire_date,1706092534
IDENTITY,hire_date,1638296501
IDENTITY,hire_date,1656594163
IDENTITY,hire_date,1619236894
IDENTITY,hire_date,1629264173
IDENTITY,hire_date,1753785639
IDENTITY,hire_date,1701539642
IDENTITY,hire_date,1621815287
IDENTITY,hire_date,1780208060
IDENTITY,hire_date,1775918889
IDENTITY,hire_date,1617912014
IDENTITY,hire_date,1775775752
IDENTITY,hire_date,1590904841
IDENTITY,hire_date,1610646896
IDENTITY,hire_date,1731941368
IDENTITY,hire_date,1690579442
IDENTITY,hire_date,1777169226
IDENTITY,hire_date,1666723211
IDENTITY,hire_date,1741979191
IDENTITY,hire_date,1688769300
IDENTITY,hire_date,1721452853
IDENTITY,hire_date,1685261813
IDENTITY,hire_date,1735846277
IDENTITY,hire_date,1659863141
IDENTITY,hire_date,1709888696
IDENTITY,hire_date,1646993435
IDENTITY,hire_date,1625334081
IDENTITY,hire_date,1642444189
IDENTITY,hire_date,1739091402
IDENTITY,hire_date,1647625246
IDENTITY,hire_date,1672332688
IDENTITY,hire_date,1629424025
IDENTITY,hire_date,1651931020
IDENTITY,hire_date,1636357980
IDENTITY,hire_date,1620231408
IDENTITY,hire_date,1705987960
IDENTITY,hire_date,1618550562
IDENTITY,hire_date,1589779073
IDENTITY,hire_date,1749728633
IDENTITY,hire_date,1641268790
IDENTITY,hire_date,1582808676
IDENTITY,hire_date,1582938117
IDENTITY,termination_date,not available
IDENTITY,termination_date,1770118679
IDENTITY,termination_date,1766970374
IDENTITY,termination_date,1784063134
IDENTITY,termination_date,1787541478
IDENTITY,termination_date,1767836603
IDENTITY,termination_date,1640142426
IDENTITY,termination_date,1774179151
IDENTITY,termination_date,1764746732
IDENTITY,termination_date,1732720511
IDENTITY,termination_date,1785502562
IDENTITY,termination_date,1782809326
IDENTITY,termination_date,1784994044
IDENTITY,termination_date,1743577595
IDENTITY,termination_date,1732657377
IDENTITY,termination_date,1703486295
IDENTITY,termination_date,1727121933
IDENTITY,termination_date,1726367562
IDENTITY,termination_date,1617240130
IDENTITY,termination_date,1699786064
IDENTITY,termination_date,1729042594
IDENTITY,termination_date,1722213954
IDENTITY,termination_date,1753189452
IDENTITY,termination_date,1756127502
IDENTITY,termination_date,1782810015
IDENTITY,termination_date,1637357931
IDENTITY,termination_date,1634896875
IDENTITY,termination_date,1746833626
